pk,nonce,hash,transaction_index,from_address,to_address,value,gas,receipt_contract_address,receipt_root,receipt_status,block_timestamp,block_number,block_hash,transaction_type
218964323,22,0x9945587c31f5de282fc98852430e673615b3d6015b0f9b8e396b419d31126bdb,108,0xd294ac18b524ff59ab7fffcbd459f11128220550,0xf056f435ba0cc4fcd2f1b17e3766549ffc404b94,3E+20,21000,,,1,2019-02-24 1:10:00,7259639,0xaea6234f5894637d9673281f1c4e5b20c25001d2fbdaf598eb7e17514551c772,
232424063,2,0x1bbe881ead150659d6a8a266e6c3921f7eccd29bb712290202b95ca43b6d6643,171,0xd294ac18b524ff59ab7fffcbd459f11128220550,0xf056f435ba0cc4fcd2f1b17e3766549ffc404b94,9.99998E+19,21000,,,1,2019-02-23 11:44:10,7257216,0x201424bdd14d669202cdbaf2dfb9fb7b11dec2c702be555a6c752b17cc4a035a,
232581310,8,0xf559c64159dbfb99dfee540dd89133a96a17485581c6839eed2042ba324a64d5,178,0xd294ac18b524ff59ab7fffcbd459f11128220550,0xf056f435ba0cc4fcd2f1b17e3766549ffc404b94,2E+20,21000,,,1,2019-02-23 14:26:48,7257696,0x848497f1a415eba6e24381b91a98fc3d09085ebe49fed22f92c16b49be0cfde8,
232668089,14,0xf7b7fda3da17e50d991161956296cee5a8e1be91649253302e89a5867e099704,122,0xd294ac18b524ff59ab7fffcbd459f11128220550,0xf056f435ba0cc4fcd2f1b17e3766549ffc404b94,3E+20,21000,,,1,2019-02-23 16:41:33,7258113,0xc043d649d62351dda32eec2caa9bf569f2b7105646d76c7bebba0c49d77d5fe3,
255265608,0,0xad78c7b1b2ac7b963a872c3c35b022606263f479cd4e1cd58bc920da38593fdf,148,0xdc0b72b3ea6b41eebb4666ceaca18e3fad6bfd55,0xd8a83b72377476d0a66683cde20a8aad0b628713,4.99986E+18,21000,,,1,2019-06-10 10:58:18,7930787,0xf238277c8cee0129234a5467fa6e2fa2c3f12700e1df7003f65435b989904b6b,
264521026,23,0x82a71d52154b4dd1ec3596855fc78a5168225f605a77fc8daea84bbeff28bbe2,49,0x621e2e9f1cdc03add35ab930b074f9419f294045,0xf32064321d84ce688b3cdee18dc31b5b54ce8cfb,78178830246833044,21000,,,1,2019-06-12 4:57:24,7941948,0xcd34480c437202b722ed6c09aa28371159950ea0bec4dee2d87c9a2835384733,
266311809,22,0x9f2af32e6aeb74fb6527fc5e97819e43adcf8a66794ab9306f8e8ce427d9c205,116,0x621e2e9f1cdc03add35ab930b074f9419f294045,0x8d12a197cb00d4747a1fe03395095ce2a5cc6819,0,250000,,,1,2019-06-12 4:46:53,7941910,0x667f1a6431c09da2b1dd326dc268bdad3b7b8c13d9e0819de2d4586b36c508f2,
290400659,0,0xb1c93bb9bd496c07335ff8b71f5de9aee03f7361583169e859477861cb473af3,56,0x30d4bffec44037f5fe9d4336968c573cba9d018a,0x3fbaa73a433daa0f6c43d1c732c3f97a86f3a427,9.9979E+17,21000,,,1,2019-03-29 1:55:29,7460629,0x0489631e064fc01024cdd97ec09b610a4ef8189ebc852b00bbdafa504eea5252,
290468280,0,0x7664827fe9a08c91bc63aae32b47c3ba5a4e68d495c2f575862baeabb7c0e70b,61,0xaa923cd02364bb8a4c3d6f894178d2e12231655c,0x30d4bffec44037f5fe9d4336968c573cba9d018a,1E+18,21000,,,1,2019-03-29 1:18:23,7460453,0x1a483ced8e96c15b9e0af65c78c3866405cae0d08bbbd29e52bea29fdc84b78c,
290598964,1,0x480ba3b8ec861b1adb78fe7cd7e4c2b543503cfd635ade023255511372d5d3e5,47,0xaa923cd02364bb8a4c3d6f894178d2e12231655c,0x3fbaa73a433daa0f6c43d1c732c3f97a86f3a427,30788732010775842478800,21000,,,1,2019-03-29 2:10:50,7460691,0x4a439e968ad51e87333173881c6796bf5199a2ce7da81056e173835a60f1031c,
306220699,3,0x633d0374e03af9377bd8ffd2526404974308653889c4ef850705f0b85b06ba14,65,0xb7443e088232cd680ff20b7518eba2fc9e1b3c32,0x552981f6e2ec9de9811e9490b7cac486c3a9dd32,1E+18,21000,,,1,2019-06-02 14:09:39,7880554,0xae939823602098ce6f911067d4993b1959a5f662039f8ff844de6bce35c66420,
306238516,4,0x60e2e4447676a848293f05fd33a186e65e4363b7acdd632bf70185405cd23ef2,83,0xb7443e088232cd680ff20b7518eba2fc9e1b3c32,0x552981f6e2ec9de9811e9490b7cac486c3a9dd32,6.97999E+20,21000,,,1,2019-06-02 14:10:19,7880558,0xd5101b8c234787e1eae5198ed6d2b5040c89177b2e1704c322462225ec6bf33b,
306384081,1,0x068d36ea83c542e1087730bb52ca40c1438e0ba1e403daccbdc8999c44b6e357,64,0xb7443e088232cd680ff20b7518eba2fc9e1b3c32,0x552981f6e2ec9de9811e9490b7cac486c3a9dd32,1E+18,21000,,,1,2019-06-02 13:27:18,7880333,0x956b1c6e8eeeb7d6b9fbcd6c33769a36d422e662d60fc8b42e06bd44e7283475,
306417503,2,0xdb64dc7360ef272c945a7d222093c78c242436ea0a19d5e8fe3b35559ce25619,71,0xb7443e088232cd680ff20b7518eba2fc9e1b3c32,0x552981f6e2ec9de9811e9490b7cac486c3a9dd32,8E+20,21000,,,1,2019-06-02 13:28:41,7880341,0xf5b80b9d1e0164ed5ab6afc2a92ce97d5b5cad6469becae049e5a153d218dc66,
384976017,0,0xd1434f8c2d692cec5b82c59c54cae7dc7c232f0de0f5aadcb4926a44c913dae1,102,0xb7443e088232cd680ff20b7518eba2fc9e1b3c32,0x552981f6e2ec9de9811e9490b7cac486c3a9dd32,5E+20,21000,,,1,2019-05-31 1:03:28,7864259,0x88d7ef1723c05bbc61959bd261f46c2d29234f0cba7f37b21416169af1b1f688,
386206192,21,0x7d056278e7c77644c8f788ab1b5b1b249487b792546ebb2cd7034c6e4b199391,124,0x621e2e9f1cdc03add35ab930b074f9419f294045,0x8d12a197cb00d4747a1fe03395095ce2a5cc6819,0,250000,,,1,2019-05-31 2:13:06,7864556,0x704bd1b3643034560ffa31d1c9f983695b1ed3966c65494c0d24f1ce98920796,
389204040,76,0x64b249fbb2c5db73bef671f414ad7dcd96b97f09786596cb10e2fbea9e68f9d7,31,0xd294ac18b524ff59ab7fffcbd459f11128220550,0xf056f435ba0cc4fcd2f1b17e3766549ffc404b94,3.33447E+20,21000,,,1,2019-03-17 5:10:11,7384523,0x6c32ef2e7787ad3baef6ea63ee90586cd06662be79b20b09f58bbe5fe8c29aa9,
390911113,0,0xa10381cc975b37e9c53782978fa0fd71926c10f4ab993e164dcfb56a259208d9,4,0x845f93f489b524f19864db6e0ab581c532b58d36,0xb7443e088232cd680ff20b7518eba2fc9e1b3c32,2E+21,21000,,,1,2019-05-30 0:57:50,7857904,0x9bd08f0741334131dbf59b37ea9d3a709d92a08632cd4387eb86523bdaa6a882,
394838137,66,0xb3a75bbd3bb60de2a04a88470fae53929a59dd6c9d2a868a1c986e37c5111672,40,0xd294ac18b524ff59ab7fffcbd459f11128220550,0xf056f435ba0cc4fcd2f1b17e3766549ffc404b94,5E+20,21000,,,1,2019-03-16 1:54:38,7377210,0x7c760892117c0f6a449ace5e41133c92da146e89b7e7c20f798b4376507df9a0,
394942297,67,0xc55af63ecaa45dd211d96f95f288787e0cc4357dcf1c60b4c7ee1785e473eae3,153,0xd294ac18b524ff59ab7fffcbd459f11128220550,0xf056f435ba0cc4fcd2f1b17e3766549ffc404b94,6E+20,21000,,,1,2019-03-16 4:02:47,7377792,0xe002adf9acb57e885019fecf597ce5a5fb7b588e129d67abcdcf0d12b6c08c97,
417660538,0,0x54b7d5ac8c95d3759194cc2ded857e9c8b4cb31a7cbc3b1e891771bef5aa406c,151,0x7d90b19c1022396b525c64ba70a293c3142979b7,0x338fdf0d792f7708d97383eb476e9418b3c16ff1,1E+18,21000,,,1,2019-05-21 9:18:25,7802398,0x1cb5f71c542eb4e53c3154af592eb337961e88aa599c638a782d7839102ea1c3,
417668751,1,0x7b0a478ea7b7011cb35a2e5351ce202fc945a2cb56aa92aaad2933f28c40589a,119,0x7d90b19c1022396b525c64ba70a293c3142979b7,0x338fdf0d792f7708d97383eb476e9418b3c16ff1,5E+20,21000,,,1,2019-05-21 9:19:22,7802400,0x24def4629b2bf979dae3ba73f3468bcd5c3501e021fad95b743ff5a6e8318701,
417705297,3,0x4d0022c9871e0d554bd9a3cbc90d15f0e890330bf90594caabf80cfd648df7e8,17,0x7d90b19c1022396b525c64ba70a293c3142979b7,0x338fdf0d792f7708d97383eb476e9418b3c16ff1,5E+20,21000,,,1,2019-05-21 16:07:44,7804200,0xe83855d565b8fa11164365417fed034a352ccee8e5b56428905e386edb79b4df,
417931934,2,0x57c40f295e924e2894d9e3e2e658165665b6203539c606c960e599d114aff920,180,0x7d90b19c1022396b525c64ba70a293c3142979b7,0x338fdf0d792f7708d97383eb476e9418b3c16ff1,4.98999E+20,21000,,,1,2019-05-21 14:20:57,7803747,0x8f04f01919128ba92d83ddabd00c69d865f05e835ac24e1a7ece8984bdebb46f,
418024249,5,0x7601f6dbc055129e30bb0918fe30949cf2ae2863a37b5a7ff5768c359babadaf,99,0x7d90b19c1022396b525c64ba70a293c3142979b7,0x338fdf0d792f7708d97383eb476e9418b3c16ff1,5E+20,21000,,,1,2019-05-21 17:29:02,7804538,0xf719fd0d8e92c7523eff23cda122dead12fe8d8f8e76e1bc2d8a6e43dea0a005,
418137074,7,0x47df484f120ef4e9e93ed82ed08d8e3833ae44e525c2d1e2f62edcc4a255e8f7,68,0x7d90b19c1022396b525c64ba70a293c3142979b7,0x338fdf0d792f7708d97383eb476e9418b3c16ff1,5E+20,21000,,,1,2019-05-21 18:36:42,7804822,0xf090db188b0db33cd44971b59794e393be58330728d55ac67b121e278db28d66,
418296533,4,0x2c85ca6d75620a4b79e270b546d073d17a90a54ffd2893a96fb0807e52e255df,63,0x7d90b19c1022396b525c64ba70a293c3142979b7,0x338fdf0d792f7708d97383eb476e9418b3c16ff1,5E+20,21000,,,1,2019-05-21 16:42:22,7804348,0x2140652fab2433fd62d86133c38dc434140dc6961aede5e4370fc03c908ce43e,
418350695,8,0x8b3ff28a71fd7e2724e9847a702f20ce5f1e75e0818d96e896ae587e22b42d3a,47,0x7d90b19c1022396b525c64ba70a293c3142979b7,0x338fdf0d792f7708d97383eb476e9418b3c16ff1,5E+20,21000,,,1,2019-05-21 18:48:05,7804874,0x7522b1e40c3d0a245b729f586094b7d1fdedb61b63312e4656b307fe8252438d,
418562814,6,0x048df27f1e264f20284d8b5e3ec9dc956806a7ab67c3acf944f649e7fe92ece4,91,0x7d90b19c1022396b525c64ba70a293c3142979b7,0x338fdf0d792f7708d97383eb476e9418b3c16ff1,4.99999E+20,21000,,,1,2019-05-21 18:00:56,7804665,0xa313d0b65e4de9dfd0b1f5fe87e880b9b8c4531be02e86310ee56efea61110ad,
418750582,5,0x7afbe5f8900591f28e820fcdffa12424120abf1c37e4f232656b9452ae70d17f,59,0x338fdf0d792f7708d97383eb476e9418b3c16ff1,0x8d12a197cb00d4747a1fe03395095ce2a5cc6819,0,250000,,,1,2019-05-21 14:15:14,7803720,0x4c23bab129212cb312e33ed97210f4b7ed899545f99b4007eb39389cb9715061,
418814723,14,0x176a979912f90454b3a23e8e4f0f51275cb672b00463343aa07d427b86d40b39,136,0x338fdf0d792f7708d97383eb476e9418b3c16ff1,0x8d12a197cb00d4747a1fe03395095ce2a5cc6819,5E+20,250000,,,1,2019-05-21 18:04:43,7804677,0x414209dc231d9ef616cd46cd279dcae5a17b7bea75ec9730bd99e2b939027a3f,
418814843,8,0x6ad5b02c1632623a64f901220e1af0ef00cecb6c2fc20481cb4f3593469a8863,36,0x338fdf0d792f7708d97383eb476e9418b3c16ff1,0x8d12a197cb00d4747a1fe03395095ce2a5cc6819,4.995E+20,250000,,,1,2019-05-21 16:12:36,7804216,0xd2db1b4cb1bc0871e43d9074acea15407ba01dd14c18f08192d640433d6a5b71,
418814926,6,0x1c2f143000c48751826193afcd2c4a59fe1d21efa43b75dd6b9eed10ceec0f56,87,0x338fdf0d792f7708d97383eb476e9418b3c16ff1,0x8d12a197cb00d4747a1fe03395095ce2a5cc6819,4.999E+20,250000,,,1,2019-05-21 14:21:48,7803751,0x6f8e5cbb2b4d89cd4cfa7fb0a65fa9adf15f7c6f9be7c80370e220299ffe96bb,
418814977,12,0xdbfb5775f8a72fd07c75e62797b638f7a42c337884e9afcd8f56cac6429f82bd,12,0x338fdf0d792f7708d97383eb476e9418b3c16ff1,0x8d12a197cb00d4747a1fe03395095ce2a5cc6819,5E+20,250000,,,1,2019-05-21 17:29:38,7804542,0x059b3e204059c8ac6f0b61a686ae5385d11ff357d74be9633267290497b89377,
418815038,17,0x3acd63ef064998552e43ad9c6c663cd17ccee05e3b9a70d4942dedeb558d1e67,10,0x338fdf0d792f7708d97383eb476e9418b3c16ff1,0x8d12a197cb00d4747a1fe03395095ce2a5cc6819,5E+20,250000,,,1,2019-05-21 18:37:43,7804826,0x5dc40ed64d7e0b333fb959ee9ac13cccf9f6fa90ad128101f6c4f07848903ddb,
418815071,10,0x8661093b6844f444aa3bb023ec792e985868281d445b36475b6bd51f33fa12f2,97,0x338fdf0d792f7708d97383eb476e9418b3c16ff1,0x8d12a197cb00d4747a1fe03395095ce2a5cc6819,5E+20,250000,,,1,2019-05-21 16:44:24,7804357,0x7375090e0b7b5fbffef77cd9fe1e73c09a8744d372d3e8f48edebb96bd556b48,
418815083,19,0xf41cd34bb2ccee1e61201a85e4ffe4aa632ac2affeb42420d8b2fdffe527b5ba,37,0x338fdf0d792f7708d97383eb476e9418b3c16ff1,0x8d12a197cb00d4747a1fe03395095ce2a5cc6819,5.0057E+20,250000,,,1,2019-05-21 18:48:46,7804878,0x78640815aa7ef8ee221d4c8647c32fb1bfbb03c0befa682e8bb8bcc33a6412cf,
418826825,15,0x0adb48f65a3bdd94e369901e5af9f171467e4aaf6af692f6e91832195b86af16,100,0x338fdf0d792f7708d97383eb476e9418b3c16ff1,0x8d12a197cb00d4747a1fe03395095ce2a5cc6819,0,250000,,,1,2019-05-21 18:08:02,7804694,0x15483a83f1eb03b84ad582e8a67f837a62ace987d718c75068ce5e240c4266cb,
418826952,11,0x2b3a42bb08ca28ad34cbff0ec20424d17cc1abb6a9c6134a4c82b616c8f4995e,191,0x338fdf0d792f7708d97383eb476e9418b3c16ff1,0x8d12a197cb00d4747a1fe03395095ce2a5cc6819,0,250000,,,1,2019-05-21 16:49:09,7804373,0xa9d3bb618e9d9c6449a7de95448789d0ba65349edf4299d5fed6bed3e021058e,
419000207,1,0xf205b6346d03d1edd3a4d4f25a5d528015bc37946c4b0f67484f6292412c1cf1,151,0x338fdf0d792f7708d97383eb476e9418b3c16ff1,0x8d12a197cb00d4747a1fe03395095ce2a5cc6819,0,250000,,,1,2019-05-21 9:54:45,7802568,0x76776330daed0a47d7cb5fdbf7519ef2c3976581c75d5e8f94b55fe2bef5b864,
419325421,16,0x09bbd6e24885e20b154df725e0fa32537f60a807a796479de5af04d946cd3a83,133,0x338fdf0d792f7708d97383eb476e9418b3c16ff1,0x8d12a197cb00d4747a1fe03395095ce2a5cc6819,0,250000,,,0,2019-05-21 18:08:52,7804695,0x4f0e5994559866d51f5721469508a68f67179232bb2571999eae5364303372cd,
419329508,13,0x157ee237c86b8644c82f3fc37ceda0b81730cdf5515956326ae6eb8ee5279e89,55,0x338fdf0d792f7708d97383eb476e9418b3c16ff1,0x8d12a197cb00d4747a1fe03395095ce2a5cc6819,0,250000,,,1,2019-05-21 17:33:03,7804556,0xcdd75e022b3f47cf73caa943d269b65a6ea1d924d0690fb401d08282b35072b0,
419402175,18,0x1b7ec5da7e6ddac7620898dc2001d479d45a4112680c44cdd6dad63b1f96c30a,40,0x338fdf0d792f7708d97383eb476e9418b3c16ff1,0x8d12a197cb00d4747a1fe03395095ce2a5cc6819,0,250000,,,1,2019-05-21 18:39:42,7804833,0x83b2b06e909b01347884265b4ba8515097802e4df223b5ff97f162726765edc9,
419563379,2,0xbb0d3ee554ee47cf4884b69f35129f41241c293f4a976b06dd0d6214d418b599,161,0x338fdf0d792f7708d97383eb476e9418b3c16ff1,0x8d12a197cb00d4747a1fe03395095ce2a5cc6819,0,250000,,,1,2019-05-21 10:20:39,7802673,0xdea86111f9e0f6e796c19294333540ac042ca5311cd7e06ef7e2ba4848685839,
419563383,4,0x05b12d9cf4c8f66567f4e80186010ca8d9b8c07cf82089f3bab604f52164a480,44,0x338fdf0d792f7708d97383eb476e9418b3c16ff1,0x8d12a197cb00d4747a1fe03395095ce2a5cc6819,0,250000,,,1,2019-05-21 13:18:13,7803463,0x302fb61cf33237ed738b9349a28de16aebdab6320e9f9b987b577170d01bff5d,
419563387,3,0xb0ac046182827338a4f379694d338319c0adecc0b8086d8bda9be753c655a0c0,161,0x338fdf0d792f7708d97383eb476e9418b3c16ff1,0x8d12a197cb00d4747a1fe03395095ce2a5cc6819,0,250000,,,1,2019-05-21 10:34:47,7802723,0x8913b3987bb8d2af61157d90756c9e2a0102e6a68c854f7301c3e8a240679ee9,
419661067,0,0xabbc29e2f9e387832857deca858455ce817d4bae1adf762bf9cf66f085b20b57,109,0x338fdf0d792f7708d97383eb476e9418b3c16ff1,0x8d12a197cb00d4747a1fe03395095ce2a5cc6819,5E+20,250000,,,1,2019-05-21 9:42:55,7802510,0x94f750fc1b676352ce8179ccc737dc16637e9efa3ab6e2b4aa0b019baa371d6a,
419675837,9,0x15ad9bac4391f5a6e57393ec3dc2418e73790eefb663a219fb1628501f1a31a6,15,0x338fdf0d792f7708d97383eb476e9418b3c16ff1,0x8d12a197cb00d4747a1fe03395095ce2a5cc6819,0,250000,,,1,2019-05-21 16:16:54,7804237,0xa0eb204ad0b1a6f922f682180579c4145badd1f5e0a0357031c5ac8c20c917cc,
419675897,20,0xbd73ee122c6999b41fcbf6873ec5afa058905fb3dad3f1ecd635806043ad28bc,47,0x338fdf0d792f7708d97383eb476e9418b3c16ff1,0x8d12a197cb00d4747a1fe03395095ce2a5cc6819,0,250000,,,1,2019-05-21 18:50:33,7804884,0x4c41979f4b2c94fa2dd04b50fc7c69ae86f46a3a2a7da27e25137a3773be8911,
419873626,7,0xb8ae27cdb7d709656d2ed8f1d46f75bcf8c739e26137412ed77078f2ac57c22f,79,0x338fdf0d792f7708d97383eb476e9418b3c16ff1,0x8d12a197cb00d4747a1fe03395095ce2a5cc6819,0,250000,,,1,2019-05-21 14:26:22,7803768,0xb31febd1534562a1798a11cfa9722ddf57ec7e13fbb23752ea76fee240bc3736,
434203807,7,0xbe9833f1ccd557055bdf5971727032fe9932ce54b930f46b52827b4d08f5255d,89,0xd4e79226f1e5a7a28abb58f4704e53cd364e8d11,0xc5883084a66ac9e08379256269c18345ccefe458,1E+21,21000,,,1,2019-05-27 16:41:10,7842822,0xf3a3ac18f211bd64327a9ba2b17434abe9b410f972206c54b3502b6ae817c4e4,
434240407,27,0xa38eb47e509438b8709ac93dd597908168d36a6e38fc3f08fc196822fe99ad7f,23,0x645565c47e2f1bba6d8941441b938724d3448c60,0x31e3b87dce4f76cb8bc6cdb6273391c29c59660b,60693608686860328,21000,,,1,2019-05-27 16:44:08,7842836,0x29322c0739549c83a92ef0aa8d42ff4a7766b0c52e6c50dc911788cefb71cf81,
434273080,4,0x2c08d2cda418b0c671aa78b27a10ea46cff7227ecb6ba45e5bd6a112313422a5,97,0xc5883084a66ac9e08379256269c18345ccefe458,0x621e2e9f1cdc03add35ab930b074f9419f294045,5.01E+20,21000,,,1,2019-05-27 15:47:44,7842593,0xa01ae1c9171a3798baec9a332604bb5aedf38132a597982023a84160914b9748,
434578690,5,0x5708f3fe3699f2f76be4ffdd871dd6e916c6a1f967b0fdc409605739a8a74fbd,64,0xc5883084a66ac9e08379256269c18345ccefe458,0x621e2e9f1cdc03add35ab930b074f9419f294045,5E+20,21000,,,1,2019-05-27 18:13:31,7843219,0x9137b7a6fbccb72a9769544a11dc1e1590a92c55becdaff46efec1b0899f723f,
434691510,29,0x2ec73314d6290c4dbddc05166ddae3f61eb6260fe281a72c20706d9a824745ac,82,0x645565c47e2f1bba6d8941441b938724d3448c60,0x31e3b87dce4f76cb8bc6cdb6273391c29c59660b,498504227096563453294,21000,,,1,2019-05-27 18:25:05,7843260,0x63a3aa886eab0afd28fddb6fe745ae3915fb405be62bfc11f8910894affc0e66,
434750356,25,0xc62b45dae95e80da93b71f30d8d21e184d797792873145fe1750b9a247fb0842,151,0x645565c47e2f1bba6d8941441b938724d3448c60,0x31e3b87dce4f76cb8bc6cdb6273391c29c59660b,4.495E+20,21000,,,1,2019-05-27 16:29:17,7842768,0xfea5563d6822535c8514fdd36de08294ca6181562af29921b0bd57185efaa01f,
434777155,26,0xf3aa8ecffa929807124b9a7f017e507a585a725a7be8c5994835a183c1cfe2b3,62,0x645565c47e2f1bba6d8941441b938724d3448c60,0x31e3b87dce4f76cb8bc6cdb6273391c29c59660b,5E+19,21000,,,1,2019-05-27 16:31:37,7842777,0x71fa07dc84012d48bf9f7896425079a16500d1cbd1b75eb03e5d85e5b8f1b68e,
435073822,28,0xb645780c1e23c3de086852eedda0b035c88e5a0c67969b0772ab18301e83e44f,36,0x645565c47e2f1bba6d8941441b938724d3448c60,0x8d12a197cb00d4747a1fe03395095ce2a5cc6819,0,250000,,,1,2019-05-27 18:23:41,7843252,0x4389990bf68ae4cf861c10d8564cac95467afab43f152b2f897541f1937ed70b,
435073840,24,0x7e1a38dbf3e526610b8c30dd07476711f1e5cecb1b792758b5568cc4aec3131c,88,0x645565c47e2f1bba6d8941441b938724d3448c60,0x8d12a197cb00d4747a1fe03395095ce2a5cc6819,0,250000,,,1,2019-05-27 16:27:15,7842759,0xf06e100f627a02eb13409a3f024099028ddff26182948a9d1bf116bd8ca47db8,
435076990,11,0xa989e0b5d8455cb41bd842d668fb5bb692f926084f2dfc9f3dc454d838bc2208,76,0x621e2e9f1cdc03add35ab930b074f9419f294045,0x8d12a197cb00d4747a1fe03395095ce2a5cc6819,5.01E+20,250000,,,1,2019-05-27 15:49:01,7842598,0xfc57f1861e019b15491d139bd167eb05b3d5f7b715c59a7e5e9b21fa9e1a6a55,
435082527,12,0x01b19d0c6cc085884e5e72c735def568c1cef60354b24b65a3d3604547793f03,147,0x621e2e9f1cdc03add35ab930b074f9419f294045,0x8d12a197cb00d4747a1fe03395095ce2a5cc6819,0,250000,,,1,2019-05-27 15:53:57,7842623,0x43be3d3b7d8344ede612a7d30e23f5e7b56702b1fe3618fe18455ae6735cdf6f,
435082545,16,0xcfd55442d69e95440dbb22f8dc52ba234206ca581f683cd05d89cb83084306db,147,0x621e2e9f1cdc03add35ab930b074f9419f294045,0x8d12a197cb00d4747a1fe03395095ce2a5cc6819,0,250000,,,1,2019-05-27 18:16:38,7843228,0x0e7a4612d231792c610bd80eb091f9d82b95d41523ba0f7364d2aa5ba1e241de,
435285994,13,0x7ae23bbb27fcf8563cc8a018d07975cb3ad68f1d14c7d36931f5825c29576b7a,148,0x621e2e9f1cdc03add35ab930b074f9419f294045,0x8d12a197cb00d4747a1fe03395095ce2a5cc6819,0,250000,,,0,2019-05-27 15:53:57,7842623,0x43be3d3b7d8344ede612a7d30e23f5e7b56702b1fe3618fe18455ae6735cdf6f,
435357197,14,0x2c3114e6febc18034cc7dbf10a7d199bf6ffd7f12d527a33c52d09363be23042,70,0x621e2e9f1cdc03add35ab930b074f9419f294045,0x8d12a197cb00d4747a1fe03395095ce2a5cc6819,0,250000,,,1,2019-05-27 16:45:11,7842841,0x2b00d9c1e4e6ea861696abc369cb2a725b2749adf19d69eff9f5a58bffce559f,
435357199,3,0xdef8a8e288670651dfb1f2eee4ab90a854fb4f31aff22619bff533fc45502ee2,141,0xc5883084a66ac9e08379256269c18345ccefe458,0x8d12a197cb00d4747a1fe03395095ce2a5cc6819,0,250000,,,1,2019-05-27 15:45:54,7842587,0xbe09c0f61b6f0b3b9022255599a2a9658be073f344a397fc5253ae3ef39062e8,
435396023,2,0xe29c5a4e483574ec9bf8e2b68ab8835d8f1eb30fc9686392b10f6e5f0bcc55cc,59,0xc5883084a66ac9e08379256269c18345ccefe458,0x8d12a197cb00d4747a1fe03395095ce2a5cc6819,5.01E+20,250000,,,1,2019-05-27 15:43:35,7842581,0x4821cef9a8aa37e629a41b1511a2ac1c151e855b3930721d468ff6e0951c3b47,
435396067,15,0x1aee0cbcbf576a0ea0ea5f7e37db3f36b23969fc51b263de4df62cd576c1c414,129,0x621e2e9f1cdc03add35ab930b074f9419f294045,0x8d12a197cb00d4747a1fe03395095ce2a5cc6819,5.001E+20,250000,,,1,2019-05-27 18:14:57,7843222,0x7f85cc6f2721cffe9f5ed4d5b70372aa6ffae74ceaa08b14ccdd1b0571c144f4,
440624576,30,0x17e4bda4658bbb397372ac206eb8897f807c31eae162449191b042ed8dfd89f6,37,0x645565c47e2f1bba6d8941441b938724d3448c60,0x8d12a197cb00d4747a1fe03395095ce2a5cc6819,0,250000,,,1,2019-05-28 3:15:18,7845600,0xe02c29aba93cb7a0aa11f80f9858297ec17e4f602a75efb2a71c2ec894c8919b,
440689600,26,0x8a843a34130fa12ffe887ae587f85c621fcbc6ee0d5b134efd97c5e54062dc32,60,0x338fdf0d792f7708d97383eb476e9418b3c16ff1,0x645565c47e2f1bba6d8941441b938724d3448c60,1068396913696572512,21000,,,1,2019-05-28 10:19:44,7847444,0x76e5e27a2a1a99c3ec4e67a07bb70c0ca6707f80d8b2df6933341c5fbf3d8b3a,
440707604,20,0xbba3a6b8c2e521270f397c861b59b134a56bd22551b9ce5dbc6f8dde7ad48e7b,53,0x621e2e9f1cdc03add35ab930b074f9419f294045,0x645565c47e2f1bba6d8941441b938724d3448c60,483879201561477128,21000,,,1,2019-05-28 10:21:02,7847451,0xcccec58658b868b33f4d1ee0a13cb24158e7dc8ac5a7e4e25912e354665f0c3d,
440732485,7,0x560319d193b0daf54e3db32a1fba7df34f118506d6e44bbcfcf09735c91a6b49,90,0xc5883084a66ac9e08379256269c18345ccefe458,0x645565c47e2f1bba6d8941441b938724d3448c60,2.49789E+18,21000,,,1,2019-05-28 10:23:35,7847461,0x33283bca7879d3ac6417f68994985342c2a302499c43b7e9b051ebbd25529d97,
440770843,32,0xefe155770e32a3f9932d8810f6096750a9eaeef7c658eaab534249b7fa9f46d4,67,0x645565c47e2f1bba6d8941441b938724d3448c60,0x845f93f489b524f19864db6e0ab581c532b58d36,1E+18,21000,,,1,2019-05-28 10:26:25,7847476,0xa8cf93027fa3da4255f33bf50d036568c8f51ed93ba92bd9079503c51ad9c05a,
440793799,33,0xc252e03c1abc2ceef9d28b98ce9d9d330df4b7f789c645a03adc925e2290fe63,23,0x645565c47e2f1bba6d8941441b938724d3448c60,0x845f93f489b524f19864db6e0ab581c532b58d36,502830238256154206482,21000,,,1,2019-05-28 10:27:55,7847485,0x65b919a3fbe72a6d130f13022c5c3a9221d4c9eca6035cb31196838db5441b76,
440991775,6,0xa0dc6e7006431158eccc43626acb526cb476a405433bee7c24f43262587a567a,66,0xc5883084a66ac9e08379256269c18345ccefe458,0x621e2e9f1cdc03add35ab930b074f9419f294045,5E+20,21000,,,1,2019-05-28 3:03:37,7845554,0x1829b8caebeae7f84a18a48ae1bbb692eb932b2a7179abb5076f34da60d40ee7,
441400981,31,0x8f0c6f5c8590c93fb3892fbcc9a7bbdbcc4317e4c5061385d2d9e774e22d27d9,153,0x645565c47e2f1bba6d8941441b938724d3448c60,0x8d12a197cb00d4747a1fe03395095ce2a5cc6819,0,250000,,,1,2019-05-28 3:22:03,7845629,0xc6cabb19bb811aab0dfe5ec2ded1e6761be87f2aaf7163251b6d5e84278bdbda,
441407527,17,0xbb32f1b6a1a13a7cc6de7580627c8f225831fd4306162bf347d4bc40b2ba226d,26,0x621e2e9f1cdc03add35ab930b074f9419f294045,0x8d12a197cb00d4747a1fe03395095ce2a5cc6819,5E+20,250000,,,1,2019-05-28 3:10:28,7845577,0x26080e8d2f93e06bd84184a81e78269cb136170fa2c4a4adf7cc6c46cf6eab1e,
441557376,18,0x749a218e4a4f6bd404d5d99913d9f1336d53fcee61c8f4fb9decca0650fccf6b,56,0x621e2e9f1cdc03add35ab930b074f9419f294045,0x8d12a197cb00d4747a1fe03395095ce2a5cc6819,0,250000,,,1,2019-05-28 3:15:55,7845602,0x6df927a68c61bf4f43577301b164ec8619a2486faae1b8367746124c95823115,
441938267,19,0x62873235bf90647d25f802ee56b663da70a74745988866bf4c32ffa911b61849,45,0x621e2e9f1cdc03add35ab930b074f9419f294045,0x8d12a197cb00d4747a1fe03395095ce2a5cc6819,0,250000,,,1,2019-05-28 10:17:08,7847435,0x26e72e380df3cb329e511cfdebc8666aa843aa76a8d4d22257b1ec26ae0e1378,
448847903,9,0x3db6b59723da62980b48c4e2fb990a836b766e3fe27724050957b1f8438aab19,99,0x7d90b19c1022396b525c64ba70a293c3142979b7,0x338fdf0d792f7708d97383eb476e9418b3c16ff1,5E+20,21000,,,1,2019-05-22 0:53:40,7806538,0xb7cec361d4c4bcf785182d518a8d49a0328d10f6ac687e75feeedad5a4da4fe8,
449437954,10,0xf81ead3a591cc8e78f361695c3d30d52c28123416c39c92d8d14e557e980a743,158,0x7d90b19c1022396b525c64ba70a293c3142979b7,0x338fdf0d792f7708d97383eb476e9418b3c16ff1,4.99999E+20,21000,,,1,2019-05-22 5:20:36,7807721,0x6fd778791690f8bccfa0f0d356ef8a21d51d5cccbda8e7950c1415ecddb5e08b,
449799213,21,0x02645ba5e7ab9203c7c67422a28899d4f200d06387a5099df1c85ab82abd1584,82,0x338fdf0d792f7708d97383eb476e9418b3c16ff1,0x8d12a197cb00d4747a1fe03395095ce2a5cc6819,5E+20,250000,,,1,2019-05-22 0:54:43,7806543,0x29247e7de8426672f88b0f7cd1ea379f1d0280d8cacfbaa27dd6789f9efb7ee9,
449801087,23,0x96b8dd91989b8a60e1dec81a39807e86a5c64978dc47f7ea5a8ad8c1ed6019dc,149,0x338fdf0d792f7708d97383eb476e9418b3c16ff1,0x8d12a197cb00d4747a1fe03395095ce2a5cc6819,4.99E+20,250000,,,1,2019-05-22 9:49:19,7808902,0x1df3f057900e082d37580ae814adc45b1c2265b025199b9966757aaddf047725,
449814850,24,0x38e06a557c08361608239bb123ebce1b6ea23d37ba744b9732f4469538f1b9bc,67,0x338fdf0d792f7708d97383eb476e9418b3c16ff1,0x8d12a197cb00d4747a1fe03395095ce2a5cc6819,0,250000,,,1,2019-05-22 9:51:38,7808915,0xc1cd8b5b908c004017153061ebd73c6eaf4af812f6ad5d70357f312219a713b2,
450552175,22,0xddc95840fada237c1f3a2a3cf54d3be2eb2407050c9b645a52ad12ab8ede838b,124,0x338fdf0d792f7708d97383eb476e9418b3c16ff1,0x8d12a197cb00d4747a1fe03395095ce2a5cc6819,0,250000,,,1,2019-05-22 0:56:27,7806553,0xd79b3db267d289ac0a66c5974e31d4c25aa63ca216451421989f3c3208fa0421,
456933896,0,0x2571daf78d19cd818e7c93471c506d72fb1a1f0c368a4973fb230c47fbfe1781,12,0xc5883084a66ac9e08379256269c18345ccefe458,0x621e2e9f1cdc03add35ab930b074f9419f294045,1.5E+18,21000,,,1,2019-05-25 12:07:07,7828683,0xd389a6a297f3ad8b7dfeac51be7c8a3264e6dcd45ab2f617118f68045b29a2c0,
456958817,1,0x136450044aa09a84aa4b441d5513650c4ebb1e45f610d7a69958419898313417,53,0xc5883084a66ac9e08379256269c18345ccefe458,0x621e2e9f1cdc03add35ab930b074f9419f294045,5E+20,21000,,,1,2019-05-25 12:08:24,7828691,0xd17ed37df7745f1576e0cc44249d96274f68c3d0d6ae3a83575c9369391ea331,
457160346,2,0x0bcf2dc878bb643536c28c288a86c27e19edbfa17db9d3428809c798adfb7c73,173,0x645565c47e2f1bba6d8941441b938724d3448c60,0x8d12a197cb00d4747a1fe03395095ce2a5cc6819,0,250000,,,1,2019-05-25 12:15:14,7828721,0xbd1415cf54dd06c0c125ae38853cfacdbd91ff95aae42a877b5b43db22ba40a9,
457262185,23,0xa840c7f826efae7e56aa71b987876687e011350793f84cc068d6d723666a8fad,53,0x645565c47e2f1bba6d8941441b938724d3448c60,0x8d12a197cb00d4747a1fe03395095ce2a5cc6819,0,250000,,,1,2019-05-25 13:17:36,7828993,0x6b00b5535a208c65c2f891446684528c7704d0329b1dde8a31925135292d99f4,
457262187,5,0x01421f26aa96ba7fcbd9021fcaa30b1ef385a8c48094712198a404918fa3e1b5,106,0x621e2e9f1cdc03add35ab930b074f9419f294045,0x8d12a197cb00d4747a1fe03395095ce2a5cc6819,0,250000,,,1,2019-05-25 12:23:56,7828755,0xcb4003f98a1e9261a09ac4ddc267f370cb46556eaf4ba395bf987b42d36d8f58,
457262194,6,0xb180b28ce8b3ab91a34c6ec35c5b0ed9f2ebdf184ff78f9e7775757d2b383952,46,0x621e2e9f1cdc03add35ab930b074f9419f294045,0x8d12a197cb00d4747a1fe03395095ce2a5cc6819,0,250000,,,1,2019-05-25 12:24:32,7828757,0xb88c1eecbdf943b2a58cbc6e2570cd092d5d5cbfc46371f67e3d7fbd6e14008a,
457262196,7,0x3dc587e38256d80e10409e7f053fc0d3493fddb64b13a870e68c77e075a6ad2e,47,0x621e2e9f1cdc03add35ab930b074f9419f294045,0x8d12a197cb00d4747a1fe03395095ce2a5cc6819,0,250000,,,1,2019-05-25 12:24:32,7828757,0xb88c1eecbdf943b2a58cbc6e2570cd092d5d5cbfc46371f67e3d7fbd6e14008a,
457262213,8,0x2453977bf7b14b5f657422366fff122a4f81b9ad5a6a1615f90c256948c05c25,37,0x621e2e9f1cdc03add35ab930b074f9419f294045,0x8d12a197cb00d4747a1fe03395095ce2a5cc6819,0,250000,,,1,2019-05-25 12:43:13,7828834,0xb10017e7bccca91843b6f7b00fdb4eb1090cf01fc61f94452df1609914c82c65,
457262216,9,0x871eb60bce5bc603b2dbfd56e8f907498372e59db8ec7688d31d66e53237f907,38,0x621e2e9f1cdc03add35ab930b074f9419f294045,0x8d12a197cb00d4747a1fe03395095ce2a5cc6819,0,250000,,,1,2019-05-25 12:43:13,7828834,0xb10017e7bccca91843b6f7b00fdb4eb1090cf01fc61f94452df1609914c82c65,
457262241,2,0x65da24766967256f4f8d9a57fce96ed5216a732d73fc0e18604c342ec57459d3,38,0x621e2e9f1cdc03add35ab930b074f9419f294045,0x8d12a197cb00d4747a1fe03395095ce2a5cc6819,0,250000,,,1,2019-05-25 12:13:55,7828717,0x166e24b4dd258dfa10f10baca0f364fe2d74f59e2cd7d607faa45b891bbcad9f,
457262242,4,0x51202bb1849e9c7a3cc89414ea6cbbbcd6ba884f1abedf797cc28c077e572441,115,0x621e2e9f1cdc03add35ab930b074f9419f294045,0x8d12a197cb00d4747a1fe03395095ce2a5cc6819,0,250000,,,1,2019-05-25 12:14:25,7828718,0xfd609c224931e748c564e384087b82c80b3c31afd44d0c455f4e85dcc818b17a,
457262245,3,0xa3cc9107df5fa7d9d86011f1d6bddd937284bbb7a588bfb6e8cf3415f592fd4e,114,0x621e2e9f1cdc03add35ab930b074f9419f294045,0x8d12a197cb00d4747a1fe03395095ce2a5cc6819,0,250000,,,1,2019-05-25 12:14:25,7828718,0xfd609c224931e748c564e384087b82c80b3c31afd44d0c455f4e85dcc818b17a,
457574334,1,0xdc5cbe8001ec0427f1afa52e92cb156d4efbbb9c03489e61d35d62f766b1f93f,71,0x621e2e9f1cdc03add35ab930b074f9419f294045,0x8d12a197cb00d4747a1fe03395095ce2a5cc6819,0,250000,,,1,2019-05-25 12:13:42,7828715,0x229e51ad28054c8b2f9f3258fb8b5049f506d4691a6ab4fe38a324ffb59e4a70,
457933170,22,0xf570db9d6b6ab84bf78f2427781852c76531b02f8ec9785013a5a8bfadbb0fb3,106,0x645565c47e2f1bba6d8941441b938724d3448c60,0x8d12a197cb00d4747a1fe03395095ce2a5cc6819,0,250000,,,0,2019-05-25 12:58:37,7828915,0x95295f89d3fda34a3820970a1749755bc1f2567e5702e37ad3e19a3b3b6ff679,
458017282,10,0xbe39fa5485e45bbd927cc3fae41f6b81d8ea274652774907fba0e1a205fcff6b,42,0x621e2e9f1cdc03add35ab930b074f9419f294045,0x8d12a197cb00d4747a1fe03395095ce2a5cc6819,0,250000,,,1,2019-05-25 12:43:48,7828838,0xfd84559ff631958189efc608033a5eb4c3b61c8a1191edd149c800dba8305eb1,
458141897,25,0xdfcfd9c0f593868e1581e1677471d5b9f75b58a383f2d4c090bd8d59becdf5c2,66,0x338fdf0d792f7708d97383eb476e9418b3c16ff1,0x8d12a197cb00d4747a1fe03395095ce2a5cc6819,0,250000,,,1,2019-05-25 2:51:09,7826236,0x25c86a1f6363db84953a1eddc9a7e4314f2652b5711a77670ebd2c869e1266a2,
458260214,0,0x3871d88207a94d12fd8a5b41d8f074796c684df137ef546f079d724515d25172,119,0x645565c47e2f1bba6d8941441b938724d3448c60,0x8d12a197cb00d4747a1fe03395095ce2a5cc6819,5E+17,250000,,,1,2019-05-25 9:56:19,7828109,0xba625c458d7a4a5d9a7316b01835968eee85724eee707d3e78faabfe7a5c099d,
458260242,0,0xd7ba80c2355ef8ecb27799591eebb977951585fe533c53dd70e9c6098afe0925,78,0x621e2e9f1cdc03add35ab930b074f9419f294045,0x8d12a197cb00d4747a1fe03395095ce2a5cc6819,5.01E+20,250000,,,1,2019-05-25 12:10:01,7828701,0x2dd3543d0d5dbbaefa24f6cdea764330a02ad632da8fd110c81c7e26392337fa,
458363174,9,0xb48fc213a3f54ea401a398e976e8d7da1c8dc88c2e964ba93638dc152ce242b9,130,0x645565c47e2f1bba6d8941441b938724d3448c60,0x8d12a197cb00d4747a1fe03395095ce2a5cc6819,0,250000,,,1,2019-05-25 12:25:19,7828760,0x7eba50523aab0d6543239dfa880d7aff9490f8685f5f6f46184a519f9815fa36,
458363175,8,0x730eb3665bcb854280492347b26d1b76d2403714a7f998b5ddccf404fbe52fe1,129,0x645565c47e2f1bba6d8941441b938724d3448c60,0x8d12a197cb00d4747a1fe03395095ce2a5cc6819,0,250000,,,1,2019-05-25 12:25:19,7828760,0x7eba50523aab0d6543239dfa880d7aff9490f8685f5f6f46184a519f9815fa36,
458363176,10,0xd59e4cc066de55000ebd312ef1a7d4d7bd62aa240043b44e8e1685f777670cf2,131,0x645565c47e2f1bba6d8941441b938724d3448c60,0x8d12a197cb00d4747a1fe03395095ce2a5cc6819,0,250000,,,1,2019-05-25 12:25:19,7828760,0x7eba50523aab0d6543239dfa880d7aff9490f8685f5f6f46184a519f9815fa36,
458363177,7,0x722b2453c2d6acaca7b6701ab47967f86088912c6a7e456edea364d225186470,128,0x645565c47e2f1bba6d8941441b938724d3448c60,0x8d12a197cb00d4747a1fe03395095ce2a5cc6819,0,250000,,,1,2019-05-25 12:25:19,7828760,0x7eba50523aab0d6543239dfa880d7aff9490f8685f5f6f46184a519f9815fa36,
458363179,13,0x6bc5300d5d4454292f1d9f1013303e8b068069e68da3661d6e8d779fbba0c66c,186,0x645565c47e2f1bba6d8941441b938724d3448c60,0x8d12a197cb00d4747a1fe03395095ce2a5cc6819,0,250000,,,1,2019-05-25 12:25:47,7828761,0xb53d8b9bf054cd5ce580c494a79623da228345c7a7ab14b79bf2211433d9b61f,
458363180,12,0x67e4f3c56f82ba68d8cc036a53dbcc474d10849030693b2d24f78b84c886e87c,185,0x645565c47e2f1bba6d8941441b938724d3448c60,0x8d12a197cb00d4747a1fe03395095ce2a5cc6819,0,250000,,,1,2019-05-25 12:25:47,7828761,0xb53d8b9bf054cd5ce580c494a79623da228345c7a7ab14b79bf2211433d9b61f,
458363181,11,0xe9f4a61f7b79fcef6af39f58ce1f26acb7a9a5ee0f9dde9d23dc651472ba3a37,184,0x645565c47e2f1bba6d8941441b938724d3448c60,0x8d12a197cb00d4747a1fe03395095ce2a5cc6819,0,250000,,,1,2019-05-25 12:25:47,7828761,0xb53d8b9bf054cd5ce580c494a79623da228345c7a7ab14b79bf2211433d9b61f,
458363188,14,0x472de1f7be7e642f8494dd0d95c95089b8780cf5b9ffb10f1413dca76698b474,49,0x645565c47e2f1bba6d8941441b938724d3448c60,0x8d12a197cb00d4747a1fe03395095ce2a5cc6819,0,250000,,,1,2019-05-25 12:44:12,7828841,0x9ed90ff3383185a9a6c80b5fc4c03591fac7566f0fb9764e81f288d8d72a19ff,
458363189,15,0xe02f233f9cbf44906cbc47a53ff1912c56c7a10663efa2bceee34f0e46c3965c,71,0x645565c47e2f1bba6d8941441b938724d3448c60,0x8d12a197cb00d4747a1fe03395095ce2a5cc6819,0,250000,,,1,2019-05-25 12:44:21,7828842,0xbe62a98518b223e5dc8e6a7fa3da9d04d84d9eda59279e310f0d2945c3c34298,
458363190,16,0xf8122880e851283d23eb48ad538b83b9a158146a8b3fde53be73aeaa9e50401c,55,0x645565c47e2f1bba6d8941441b938724d3448c60,0x8d12a197cb00d4747a1fe03395095ce2a5cc6819,0,250000,,,1,2019-05-25 12:44:34,7828843,0xe4369b94840615828289a0ed2089cc9804d2ee9163b27e4e6c6c3fbfaf2c1c6b,
458363203,17,0xcf0728495faa072f010c54bd201be44249c9ac3b78702f06b5bf933df931a491,112,0x645565c47e2f1bba6d8941441b938724d3448c60,0x8d12a197cb00d4747a1fe03395095ce2a5cc6819,0,250000,,,1,2019-05-25 12:58:02,7828911,0xabbb636fcb9f333c4ae6bb038e980c86b51078942803359d22dc92cbbab1608f,
458363206,20,0x8304fbc8b3430026d1ec16c3b9bc729a2ac3af97823d957c622c0aa2b4723717,84,0x645565c47e2f1bba6d8941441b938724d3448c60,0x8d12a197cb00d4747a1fe03395095ce2a5cc6819,0,250000,,,1,2019-05-25 12:58:14,7828912,0x27858980d554609c635e5b22b73ebcc9c3f15b6286b118279c3a9622089e5eab,
458363207,18,0xa7c7ed394f97e0303d73138dc5c4ba04cc01c25c3efc3070cddec6016c77daca,82,0x645565c47e2f1bba6d8941441b938724d3448c60,0x8d12a197cb00d4747a1fe03395095ce2a5cc6819,0,250000,,,1,2019-05-25 12:58:14,7828912,0x27858980d554609c635e5b22b73ebcc9c3f15b6286b118279c3a9622089e5eab,
458363208,19,0xd184594ca8464d0cd100ca052c220c4bb55395771da38e1355451fc42a9281a0,83,0x645565c47e2f1bba6d8941441b938724d3448c60,0x8d12a197cb00d4747a1fe03395095ce2a5cc6819,0,250000,,,1,2019-05-25 12:58:14,7828912,0x27858980d554609c635e5b22b73ebcc9c3f15b6286b118279c3a9622089e5eab,
458363209,21,0x632b6b395aa844e58c08460a82f65a742a543fa895d8065cbbe753783df5e2b8,105,0x645565c47e2f1bba6d8941441b938724d3448c60,0x8d12a197cb00d4747a1fe03395095ce2a5cc6819,0,250000,,,1,2019-05-25 12:58:37,7828915,0x95295f89d3fda34a3820970a1749755bc1f2567e5702e37ad3e19a3b3b6ff679,
458363212,6,0x8cf2d981295043f8e5ce8c8fe808be612432362c304e89a07d3f296569425ad7,30,0x645565c47e2f1bba6d8941441b938724d3448c60,0x8d12a197cb00d4747a1fe03395095ce2a5cc6819,0,250000,,,1,2019-05-25 12:16:33,7828724,0x88895f687cc8a20715432e0a4392c498dcf7b627fe1f35895fdee20edd6120ab,
458363215,4,0x0cf3ba0e02eefcfd2a6a97a0f52fca89c7e149128cb738635c15f849697d7fa7,28,0x645565c47e2f1bba6d8941441b938724d3448c60,0x8d12a197cb00d4747a1fe03395095ce2a5cc6819,0,250000,,,1,2019-05-25 12:16:33,7828724,0x88895f687cc8a20715432e0a4392c498dcf7b627fe1f35895fdee20edd6120ab,
458363216,3,0x3f0fc7b42ca2bc4c694704d3f3ac7ffb73ced8fb48a1ecc8e1952851d81193e5,27,0x645565c47e2f1bba6d8941441b938724d3448c60,0x8d12a197cb00d4747a1fe03395095ce2a5cc6819,0,250000,,,1,2019-05-25 12:16:33,7828724,0x88895f687cc8a20715432e0a4392c498dcf7b627fe1f35895fdee20edd6120ab,
458363217,5,0xd11f6017d3bf6a88bf24a63c725fd40df3aaed1bacaf36705f66e044a415568d,29,0x645565c47e2f1bba6d8941441b938724d3448c60,0x8d12a197cb00d4747a1fe03395095ce2a5cc6819,0,250000,,,1,2019-05-25 12:16:33,7828724,0x88895f687cc8a20715432e0a4392c498dcf7b627fe1f35895fdee20edd6120ab,
458402579,1,0x0aa5a835ab14638eaafde369b5292322ba048d66a79155b7d01a8e6aef653e6f,100,0x645565c47e2f1bba6d8941441b938724d3448c60,0x8d12a197cb00d4747a1fe03395095ce2a5cc6819,0,250000,,,1,2019-05-25 10:15:17,7828197,0x2eb188c5defedd4d7361f225ff80dfbf8fe897aa96b1140c97f27ef41cea7c39,
582054325,3,0xfbf592d40a0c8ade5b7c8d83f8375cd51c966cc8f1e6f0ff9b393902ea0accf7,0,0x845f93f489b524f19864db6e0ab581c532b58d36,0x90d78a49dfa03893d6f9caa4524b0bff6cda715f,17254552410203880180626,21000,,,1,2019-11-17 9:32:39,8949688,0xbe761c874ecf8c568b2119cc52d2f64242a42988b35d7779f22e9c27f3304bb6,
582150673,0,0x7d92adb2f06bd2752f1b73cb3bb14c37361820cbba7ae7e13a0ce3f97e34ddd4,104,0x90d78a49dfa03893d6f9caa4524b0bff6cda715f,0x93db3aa973f7212b9baef9faf4fbcaea940311ea,17254552200203880180626,21000,,,1,2019-11-17 10:50:27,8949995,0x964c40e72419cf2bb7bed308ad2c1fb9568a8931f5685e9e44edc59d3a84eaee,
630310951,5,0xaf102a8e90e16a2f82e1d698a29f00115266a991af05d3fee29480770054df0f,108,0xd759ea4c6e8e2c77b7e04eeebc1fac32ed332dcc,0xa488827ffd2d5a69e76946955f10f1fef0fb94fb,3E+20,21000,,,1,2019-09-23 7:46:01,8604178,0x741ca2d0d5d31dcc8ac472e0b883f1472359097782d2aa1446a478a5be93c57a,
630400213,7,0x1dd8cd683ee75bc5374f6b56ccad46e91271f27fa5f0392a0a83710a0f967ae1,19,0xd759ea4c6e8e2c77b7e04eeebc1fac32ed332dcc,0x3a840d0164acca60292a6b594531dfc98af2701d,3.59E+21,21000,,,1,2019-09-23 14:38:00,8606007,0x34e61a8b31cdcc7209338fa459e7db744027fc27c8270154bce9575c633cf8b2,
630533829,4,0x1f1b6473460b8a83aa3e0553a47693158c03d7aefeeabf3cdc2121d2df33deef,83,0xd759ea4c6e8e2c77b7e04eeebc1fac32ed332dcc,0xa488827ffd2d5a69e76946955f10f1fef0fb94fb,1E+20,21000,,,1,2019-09-23 5:18:48,8603504,0x1d401518056031d9ed7b01eb63b8547e6c69a2e0a9aedfc5ec2d4a3b151044d0,
630733193,6,0xefd136945f8b101ef61da7b49f3dac7149f055da4ad0cd6fe1fba245ba0260ce,18,0xd759ea4c6e8e2c77b7e04eeebc1fac32ed332dcc,0xa449b6bb309c4d959539552545400f041cc4ae4c,3E+20,21000,,,1,2019-09-23 8:26:20,8604359,0x073f36e87751b00f66bdd6d1e6cd7ad4436abbcc2dc41a43006c944b064328b5,
636583757,1,0x1964bd2614275f4a1ec24d65175af2e308c47e9f4bbfe4a2bf56947f093b61c6,4,0xd759ea4c6e8e2c77b7e04eeebc1fac32ed332dcc,0x41dd55d4671756896b488626a9ca0a0ea1201539,6E+19,21000,,,1,2019-09-22 1:59:26,8596224,0x111ae68bb133ad9fcadfeb7c2b5cfa32a5eb822baa9bc19f93e57ec7139220b2,
636667313,1,0x81416475109fa125c987f56fef3d8d6d05d367709a07b8612ae5b8c9ddb92b1d,8,0x845f93f489b524f19864db6e0ab581c532b58d36,0xd759ea4c6e8e2c77b7e04eeebc1fac32ed332dcc,1E+19,21000,,,1,2019-09-22 1:10:45,8596008,0x581210372871bc3defca2717f1ff8583120840822c2e3b1a89e80376ee48fb0a,
636693286,2,0x01b51570816fb96fe0585ee2b8926dfb1e92dc0e7a1501cba9764bcf96a487d4,6,0x845f93f489b524f19864db6e0ab581c532b58d36,0xd759ea4c6e8e2c77b7e04eeebc1fac32ed332dcc,5E+21,21000,,,1,2019-09-22 1:13:33,8596019,0xaf0494075aa75f1971febde75f19456e9fe64871b9081c453311bf502f8d4b2e,
636702123,2,0x7e47956d5ecdfa694990eaa45905ebe9971a73dcdb8ed46c8f57f0143da5d9f0,76,0xd759ea4c6e8e2c77b7e04eeebc1fac32ed332dcc,0xc3c75adc57b71fa0cba5e25cdc378101993d29a3,3E+20,21000,,,1,2019-09-22 2:12:33,8596280,0x8ffa153d48e83af76ef9ea58a54b983d7bacf7ed2418cfa5bcbfc22afd0290dd,
636736893,0,0x4e14bc9c506d74e5768df4093e8a5deb6071cd408739f0baf6a1ef1840c3a323,82,0xd759ea4c6e8e2c77b7e04eeebc1fac32ed332dcc,0x41dd55d4671756896b488626a9ca0a0ea1201539,6E+19,21000,,,1,2019-09-22 1:17:10,8596040,0x177fd93ab05abac35aea51d1b0abec76b7d3927f4c63ddb1aec4e3c55ea4e221,
636879256,3,0x568606a61603f0ca8f1492658b8de235f32207c2deaeb9b455d4e97530492bf4,25,0xd759ea4c6e8e2c77b7e04eeebc1fac32ed332dcc,0xa488827ffd2d5a69e76946955f10f1fef0fb94fb,3E+20,21000,,,1,2019-09-22 2:31:46,8596365,0xc38c5916a6c9e6366fa95688202ea9564552a9dc021a976f1e50a9f8550363b5,
425919198,0,0x96b3962cbf372d2128493411beb23ff0b2342741c59bb8efa407fd6b173278d3,165,0x106018ce967e52e34bf27153197c7756235d972b,0xdc0b72b3ea6b41eebb4666ceaca18e3fad6bfd55,5E+18,50000,,,1,2019-05-20 6:48:10,7795357,0xd824afd1410aca4314ed64cf0c172f821738ad18567b51531a3d0885a86a8e29,
425763384,0,0x003ceeb7e968293d113e4e0338a80f47075a509eef9755ae7c90b2cd16961505,31,0x96afcaa806d98713cf169ad95ed8e509ebf3f4a0,0xd8a83b72377476d0a66683cde20a8aad0b628713,9.99965E+18,21000,,,1,2019-05-20 5:31:33,7795044,0xe7053dedc87d44262c83b23ff246829594e6d95816148e9084eff773a4f8721d,
426101913,0,0xde462f815c44b3e44cb21dc39e8dc45e5ea3f7eaa2b80265c0fb8531f889f11a,16,0xb7e55d89850b67ab2ffb1a54e3a9f18b916f88b2,0xeec606a66edb6f497662ea31b5eb1610da87ab5f,9.99965E+18,21000,,,1,2019-05-20 5:05:02,7794922,0x486befe2301cc775348d32128a5ed89e12081a6dd543f4ff244691f73f275e9a,
219094721,24,0x253193e120821bd0d8f955889f8e96e92012aa21a07e3a301fa8ce8f1c278bfc,67,0xd294ac18b524ff59ab7fffcbd459f11128220550,0xf056f435ba0cc4fcd2f1b17e3766549ffc404b94,3E+20,21000,,,1,2019-02-24 2:53:45,7259941,0x1c2afb1875ba5b4fac8c74df0ded2445b684d8a946f67f1b0256e9b0c47d0523,
219127893,23,0x29282933d6604e823d03be95f3301f2d3a4a09cefd93d17ec231b685d36d83d3,82,0xd294ac18b524ff59ab7fffcbd459f11128220550,0xf056f435ba0cc4fcd2f1b17e3766549ffc404b94,3E+20,21000,,,1,2019-02-24 2:26:01,7259861,0x2a838ab8751d5192006d38af2878d759c45ab6f99904934b3082daae27491a72,
219235210,21,0xcdd9d66d891f676b6a14b5260adbf433a17752e9dbe209052ee5f9a013633597,104,0xd294ac18b524ff59ab7fffcbd459f11128220550,0xf056f435ba0cc4fcd2f1b17e3766549ffc404b94,3E+20,21000,,,1,2019-02-24 0:29:38,7259528,0xbb249e8fc4a497892c289c98377edfff6bc9f244f879fdcea5ca2a32e4fafaa2,
219413100,25,0xf5f4c3e54da23c9b7cfc8bcc55e3078743b96efaf3eb667255f53a3589ab399d,122,0xd294ac18b524ff59ab7fffcbd459f11128220550,0xf056f435ba0cc4fcd2f1b17e3766549ffc404b94,4E+20,21000,,,1,2019-02-24 3:08:43,7259977,0x8cb57cd16af5edaf1aca06713a908273b42bc2fa9925799a6fd266737a5efa21,
220741738,77,0x090aa9b3499fa6b7073868702868586cffd268584168cd392759ed38e308e1c1,108,0xd294ac18b524ff59ab7fffcbd459f11128220550,0x5861b8446a2f6e19a067874c133f04c578928727,4.99999E+19,21000,,,1,2019-05-07 1:36:44,7710812,0x2259def65a78588a8480985b9583f3d73e2221736d9a617f3375f8cec21e453d,
232399099,1,0xc2c14cfa5e53daa5108c491888bd27988a9ec617a6662795a21313a221b3234f,148,0xd294ac18b524ff59ab7fffcbd459f11128220550,0xf056f435ba0cc4fcd2f1b17e3766549ffc404b94,9.99998E+19,21000,,,1,2019-02-23 11:13:37,7257126,0x0efa38e486dd73d0f55dbdb35f88cf89bc4d3ec3e7a62ef4a2227bb90816d627,
232409608,11,0xfd3db7e09e576bc2bdd2d022eb52a6f3c27bacd8fcad3f777c367464d52143c1,119,0xd294ac18b524ff59ab7fffcbd459f11128220550,0xf056f435ba0cc4fcd2f1b17e3766549ffc404b94,2E+20,21000,,,1,2019-02-23 15:38:02,7257916,0x15768a1b3dd4a2a24ea617ada7d16969aaf54c5d3a1237510ec503e79f95df46,
232415380,13,0x5d643c1868d248fe562e47970c968a660b0ed5a44be159fd046951f787d313b7,106,0xd294ac18b524ff59ab7fffcbd459f11128220550,0xf056f435ba0cc4fcd2f1b17e3766549ffc404b94,2E+20,21000,,,1,2019-02-23 16:22:35,7258053,0x19867230801110e5007a76dbec29c7388486296b3d84b7309b63ed9bf2c0fd9a,
232416733,3,0xb9ae9f36511a1859e87b4cd0eae04307300236aac84f14317f1a770b2043f208,103,0xd294ac18b524ff59ab7fffcbd459f11128220550,0xf056f435ba0cc4fcd2f1b17e3766549ffc404b94,2E+20,21000,,,1,2019-02-23 12:06:47,7257271,0x1a1b5d02192be41ad069f677c6d7307b788dd1c0f9c3afabda7df77e5c1c093d,
232431645,19,0x0c96060635ca38a35d16b3a0ac5c07911b534e3eb009dec167c2b53b27834be4,44,0xd294ac18b524ff59ab7fffcbd459f11128220550,0xf056f435ba0cc4fcd2f1b17e3766549ffc404b94,5E+20,21000,,,1,2019-02-23 18:19:28,7258410,0x25b85ab3a6d45b4b41e6d57c77bbde6e6f17d811bcb6e85bf04bf7da9d24e4b2,
232461253,18,0x9ea02dc172d0e2b9651d5facae381f7414d56f028e5ba2a4fe8f9ae642d48e55,165,0xd294ac18b524ff59ab7fffcbd459f11128220550,0xf056f435ba0cc4fcd2f1b17e3766549ffc404b94,5E+20,21000,,,1,2019-02-23 18:00:01,7258357,0x37e31e0ff7cf2fda71a5f3a3e19d8c38c99bd7f1e7ccc440e9e45775c1f7b11b,
232538513,5,0xa83ffa2d089011b330e0e9a7eb9ba2ab74a29b907e76292e1ed50bfe8df972a5,42,0xd294ac18b524ff59ab7fffcbd459f11128220550,0xf056f435ba0cc4fcd2f1b17e3766549ffc404b94,3E+20,21000,,,1,2019-02-23 13:24:26,7257504,0x6c48e730f64e531c336b968857bff57192aa3e9088e66132166ee5c152581f66,
232562836,7,0xb1a92d2bb4df336e4ee2b7cc9a2db1f42fd242c115ee3a5fffe3099cd09b74f8,105,0xd294ac18b524ff59ab7fffcbd459f11128220550,0xf056f435ba0cc4fcd2f1b17e3766549ffc404b94,2E+20,21000,,,1,2019-02-23 13:58:29,7257606,0x794766dd63ca84b1818d2f9b3bbb2344b97a747fccc62ab1807e743fba045154,
232592182,10,0x63c5c8b39e2fb9443bc3a9c003e95e257aa87d97c4d25e8c0a20a8406be34c84,4,0xd294ac18b524ff59ab7fffcbd459f11128220550,0xf056f435ba0cc4fcd2f1b17e3766549ffc404b94,2E+20,21000,,,1,2019-02-23 15:00:49,7257801,0x8d295cd3066377ee77fcfc4437534878a1c9583668901126874af7f5f7912870,
232602450,16,0x16c0554d146a12f25f8d13cc1ee8df6edc60b79c1d7d6ea4661b15bde7c6c64b,103,0xd294ac18b524ff59ab7fffcbd459f11128220550,0xf056f435ba0cc4fcd2f1b17e3766549ffc404b94,3E+20,21000,,,1,2019-02-23 17:27:29,7258267,0x932b6f65217cbd0b34b2485b865c78eacbc5f3445f7572b4fced05b9044a5a00,
232611227,9,0x0040f09416011dac97476fd2ff94e1cbb51740831037939db6b6aad0ae4b699a,5,0xd294ac18b524ff59ab7fffcbd459f11128220550,0xf056f435ba0cc4fcd2f1b17e3766549ffc404b94,2E+20,21000,,,1,2019-02-23 14:46:55,7257756,0x9823ed509fbbf9a001c1ebf532090bdf8cb3a94e36d5bd8b06e2b887de7ac654,
232667585,12,0x5eec34e4cef75d51320a01d2a710682c3c5f1d3d7427302f8fcb412436580968,68,0xd294ac18b524ff59ab7fffcbd459f11128220550,0xf056f435ba0cc4fcd2f1b17e3766549ffc404b94,2E+20,21000,,,1,2019-02-23 15:54:06,7257974,0xc025038cc2b826d1a3bbc7d54f96742a9a245a15a6a34816550dc3cf50b4c5df,
232717074,17,0xeceadddae243953e2ae843ddd566b97079229a566ab3cdf7a67915a71bb06932,93,0xd294ac18b524ff59ab7fffcbd459f11128220550,0xf056f435ba0cc4fcd2f1b17e3766549ffc404b94,3E+20,21000,,,1,2019-02-23 17:38:55,7258300,0xdcb828f858f9eedef4d79e5c5982b49389190ee695eed6b9ca3475f9695af747,
232729134,6,0x46ae85df066b3a049f93c7467488b8733448904354bbbb4521f2c45432a26070,90,0xd294ac18b524ff59ab7fffcbd459f11128220550,0xf056f435ba0cc4fcd2f1b17e3766549ffc404b94,3E+20,21000,,,1,2019-02-23 13:37:49,7257546,0xe2e298ed50df3eb6c0eadce16d1c09a88413e32a640a5e90eb8261829bf55d2f,
232745911,15,0x956e8f2154243e8f8e9a12c756916806417f3489c0f6a67da15dd9129737be57,33,0xd294ac18b524ff59ab7fffcbd459f11128220550,0xf056f435ba0cc4fcd2f1b17e3766549ffc404b94,6E+20,21000,,,1,2019-02-23 17:06:38,7258201,0xec97be87b46ae93650690bcb3cfa182ce01b87d0e791854542c6c0bb35948038,
232762380,0,0x7761efc502de611f78cf000ac4bd400688947187d690825d8e02dd0edab34050,40,0xd294ac18b524ff59ab7fffcbd459f11128220550,0xf056f435ba0cc4fcd2f1b17e3766549ffc404b94,9.99998E+19,21000,,,1,2019-02-23 10:08:07,7256932,0xf4930c581b2467c39400d0b5e270496f68e83aeb5d793e9292d835f2948ff5a3,
232774542,4,0xea58565706516874d378d8816c89a6c1a0cd14fd438193babf9da4d02108cbc2,157,0xd294ac18b524ff59ab7fffcbd459f11128220550,0xf056f435ba0cc4fcd2f1b17e3766549ffc404b94,9.99998E+19,21000,,,1,2019-02-23 12:40:26,7257361,0xfafbc64ab88dacfcf4e340f9fa931378dabb4b5dc871f1dc9966fc787382f4de,
232787446,20,0xce5a0bc0bef0304fa8c14ac45f2c4c2d6c58aa10e8b548a2c5a6690082aa76bd,164,0xd294ac18b524ff59ab7fffcbd459f11128220550,0xf056f435ba0cc4fcd2f1b17e3766549ffc404b94,5E+20,21000,,,1,2019-02-23 18:32:25,7258442,0xffd2ca05b7d2ab36a8ee9d2b3eb47d5ad0c135e2e84eed91479e92b41f310d89,
373831541,58,0x4be4e8be13623bede0194f00e6d62617074d6801f6ec6cacd1ea302f368d26e4,167,0xd294ac18b524ff59ab7fffcbd459f11128220550,0xf056f435ba0cc4fcd2f1b17e3766549ffc404b94,6E+20,21000,,,1,2019-03-15 2:12:48,7370845,0xe6f39a4d066e0a6d1fa94c86527af5e496d21da32659dd4d408072baa198492f,
373879984,63,0x467a5effd74a5c65424a61a07cca6bc8bf10682ee8ce998fb3dd29be5148f203,31,0xd294ac18b524ff59ab7fffcbd459f11128220550,0xf056f435ba0cc4fcd2f1b17e3766549ffc404b94,1E+21,21000,,,1,2019-03-15 17:06:01,7374826,0x63abdc99b0a225962a4a68cae209e210d6f2f092d5b2b2b723ad93c09ade6cfa,
373898416,54,0xdcba15e25964d24e7be5b68773bf522d9ee9c36dda95a1ae72e90ac9f0fac705,71,0xd294ac18b524ff59ab7fffcbd459f11128220550,0xf056f435ba0cc4fcd2f1b17e3766549ffc404b94,7E+20,21000,,,1,2019-03-15 1:12:25,7370557,0x7a485eed0819183e6240fbf6c45225b1b11204a6ad152c35387e0c61c0ec968b,
373967829,59,0x1ec6833ca4d9d7b8888584c5d5f3062088eaa0537eaeed70a344a4d6bdf54bae,8,0xd294ac18b524ff59ab7fffcbd459f11128220550,0xf056f435ba0cc4fcd2f1b17e3766549ffc404b94,8E+20,21000,,,1,2019-03-15 2:29:09,7370919,0xd55ec664566693fce4fd29635690acc88907d86adaa39d8d202d47daa5d6b881,
374002498,62,0xdb7f7bb3e3e6209fcb12315dbe7200bf2bab1363886eaa4696eebfefe413e46b,36,0xd294ac18b524ff59ab7fffcbd459f11128220550,0xf056f435ba0cc4fcd2f1b17e3766549ffc404b94,5E+20,21000,,,1,2019-03-15 16:41:01,7374709,0xd8c74cfe0f29f0ec053ce082c47a2222453fa36ff450e60b496967ca5c252571,
374102851,57,0xa6c434cb0441638a9678a9736d19fb81022f6c011349fd43f91fd3a12fcbfa99,190,0xd294ac18b524ff59ab7fffcbd459f11128220550,0xf056f435ba0cc4fcd2f1b17e3766549ffc404b94,5E+20,21000,,,1,2019-03-15 1:50:38,7370730,0x80146f23b8db5813a5a8680a1ba1f02bb55257642772aff34422a203b74cc951,
374103731,52,0xda5f9c6834edeeb671111c61420f4b0bf4846fd0afae6aa79ac0b1063f739511,10,0xd294ac18b524ff59ab7fffcbd459f11128220550,0xf056f435ba0cc4fcd2f1b17e3766549ffc404b94,5E+20,21000,,,1,2019-03-15 0:02:34,7370247,0x436fd23ee794750865ba8dddf5703379dcc15cf32b0288b0df21e287c169e928,
374210075,53,0x8f9e35d4f623a5c54e6a5aa42b9f024524333c785ffb63244c169af5224dd24a,20,0xd294ac18b524ff59ab7fffcbd459f11128220550,0xf056f435ba0cc4fcd2f1b17e3766549ffc404b94,7E+20,21000,,,1,2019-03-15 0:57:03,7370482,0xaf4f738beabeac815a5d8367aa968ec0879397d15f3aa65e60cbb7b8064f5f48,
374240463,61,0xa87cf560c92719c8e9f2165b2dcff6ce551f66bd6c572114dce368366d2d49f5,79,0xd294ac18b524ff59ab7fffcbd459f11128220550,0xf056f435ba0cc4fcd2f1b17e3766549ffc404b94,5E+20,21000,,,1,2019-03-15 16:30:35,7374666,0xf8f0171250c742f1d26e1aae5ae995d53bd30b22fd526298d5d75d7951d796d0,
374242081,55,0xa721cc74b20efe60de64df1b98a0de5bb40a16a882a67076eb43eccb5a7ae5d1,43,0xd294ac18b524ff59ab7fffcbd459f11128220550,0xf056f435ba0cc4fcd2f1b17e3766549ffc404b94,5E+20,21000,,,1,2019-03-15 1:24:11,7370605,0x870745db8569d35d7524caebca47390515df53d7a13334ab92ee91b9fce47dcd,
374245408,56,0xdbcc0278ffe82c27b967808f4ab493c981c78dfb3f5d85e48c353fed79f71def,34,0xd294ac18b524ff59ab7fffcbd459f11128220550,0xf056f435ba0cc4fcd2f1b17e3766549ffc404b94,7E+20,21000,,,1,2019-03-15 1:33:43,7370652,0x4ba74e2ae8426c763e611aafd5f5516b25dd667f86853cd117d0cdffe2f01666,
374249727,60,0x0d477f6bb2f878d8b639bc63d39d9a09c7781a6f4b35afdcd6a8559f74db0e6a,61,0xd294ac18b524ff59ab7fffcbd459f11128220550,0xf056f435ba0cc4fcd2f1b17e3766549ffc404b94,5E+20,21000,,,1,2019-03-15 16:13:39,7374598,0x7a68443de1584c9fd0e5c2b125179614b3f50701b41742efc7d4f066ce399bef,
377186099,47,0x4517f7187308f33f1371adf30064c3ae6f85c6c261634cfe0c7f8b57f94f1b2f,104,0xd294ac18b524ff59ab7fffcbd459f11128220550,0xf056f435ba0cc4fcd2f1b17e3766549ffc404b94,5E+20,21000,,,1,2019-03-14 14:37:12,7367698,0x19a4c237c01470911ad2e83001215cee273b5399295a1b4b63c4862d65b5603c,
377214459,44,0x73dd3637d3f97ae3e9ef338e29786e685c1627967e199123bb298d1fd633af57,98,0xd294ac18b524ff59ab7fffcbd459f11128220550,0xf056f435ba0cc4fcd2f1b17e3766549ffc404b94,5E+20,21000,,,1,2019-03-14 6:57:59,7365665,0xa3dbac2c1502c8617ccd6ba1a15419ec9e233c5b85339f83409d8b283a6222bb,
377275059,46,0x27d45beaeec4df57fc74fadbfa10db6fca3292c85f754f2ed8ae402029fcc79f,94,0xd294ac18b524ff59ab7fffcbd459f11128220550,0xf056f435ba0cc4fcd2f1b17e3766549ffc404b94,3E+20,21000,,,1,2019-03-14 13:51:01,7367492,0x65698031bcd385f20b5990c29923266dd0005231d7dec8b699569e81d1150556,
377324054,48,0x5f069e9138b920c072c47fc37edd23d1278b47167c4f84d02aa0ba56ed2065f0,12,0xd294ac18b524ff59ab7fffcbd459f11128220550,0xf056f435ba0cc4fcd2f1b17e3766549ffc404b94,5E+20,21000,,,1,2019-03-14 14:59:40,7367779,0x4d8aad1f3002a9d0af5d859a4a8d01d1cb48a18b97f7a7e30f56bf2291329a3a,
377360651,51,0xebfbc6b1d5b380cfde37aeab05bdcd072350cd5ed1e3b3ab58c210c8f8789028,115,0xd294ac18b524ff59ab7fffcbd459f11128220550,0xf056f435ba0cc4fcd2f1b17e3766549ffc404b94,7E+20,21000,,,1,2019-03-14 17:49:49,7368568,0x492861ff085d97de2a15431633666da483d9c5f16ab6b72c6445b7e404c32849,
377364894,41,0xea5b835a64e565be456ff62ad19b4f9ff4402594ab9a6515c847625a9e6f944c,66,0xd294ac18b524ff59ab7fffcbd459f11128220550,0xf056f435ba0cc4fcd2f1b17e3766549ffc404b94,5E+20,21000,,,1,2019-03-14 1:33:12,7364219,0xf596cbeff225c9122b5b40884a79a87dda60e74808c67299b99c2e2f02456b26,
377382950,45,0x8ef3494ca07cedc2a0e02c7fd4dccc8515b553b4182636bc3c358e4fce072ed3,88,0xd294ac18b524ff59ab7fffcbd459f11128220550,0xf056f435ba0cc4fcd2f1b17e3766549ffc404b94,5E+20,21000,,,1,2019-03-14 10:13:16,7366533,0xbcf4e97b71a51fe88a9fb8444aabfdb7c19e0bbbaef598e3a3571771d4ff265b,
377442612,50,0x904cb2ebfec8b796198b37278a2cba77d2d3863d0796ecc4e81557e8237d5bf6,34,0xd294ac18b524ff59ab7fffcbd459f11128220550,0xf056f435ba0cc4fcd2f1b17e3766549ffc404b94,4E+20,21000,,,1,2019-03-14 16:08:49,7368100,0x05e38adef7740269f3dabe038e43b68f1a2118137c71fc60be63a4335a503750,
377531612,43,0xa0ef04855c56a81094bf0eab043df8e86c418a2ae80adfadacab9ba20b3c9c9e,150,0xd294ac18b524ff59ab7fffcbd459f11128220550,0xf056f435ba0cc4fcd2f1b17e3766549ffc404b94,5E+20,21000,,,1,2019-03-14 5:37:27,7365325,0x2bc2bf854b0a52dca9d6cc986473372eebc9ed96ee3d28ed5807848d9732707b,
377576526,42,0xd6a32e9dc1f0721d0036a2c2a7247c156bee8c5a31320d311f19888e09eacd93,55,0xd294ac18b524ff59ab7fffcbd459f11128220550,0xf056f435ba0cc4fcd2f1b17e3766549ffc404b94,5E+20,21000,,,1,2019-03-14 2:52:30,7364577,0x4ad0b9fd8e57aea864167b9cbdad276bc6b7702537fc28fe3cef352ef5789e88,
377599625,49,0xd1adc912fd3e041032bd7afd21ef2b4a4fe8b308af251592a26559b10768a5b8,130,0xd294ac18b524ff59ab7fffcbd459f11128220550,0xf056f435ba0cc4fcd2f1b17e3766549ffc404b94,3E+20,21000,,,1,2019-03-14 15:33:25,7367914,0x610ddd587adf8b0511e2e5fe938520ac1015fa8d7183d6a907775a332e9c8172,
389021868,75,0xbec4097bfa776399c5b4309284477e03aa717126544761d4dc5322ca63ad55e1,88,0xd294ac18b524ff59ab7fffcbd459f11128220550,0xf056f435ba0cc4fcd2f1b17e3766549ffc404b94,5E+20,21000,,,1,2019-03-17 4:55:13,7384451,0x40a1f5f45a3cffac770a8d8fbbb1505065c992da2ee54a881387a471f73e7de0,
389146882,74,0xb8ed6d42fc9d709ffd28da4df26500acb150be8f51aaf2eed358f4a3f9b5bf4d,3,0xd294ac18b524ff59ab7fffcbd459f11128220550,0xf056f435ba0cc4fcd2f1b17e3766549ffc404b94,7E+20,21000,,,1,2019-03-17 1:09:48,7383473,0xf63be04b6ec1ab2b8c12dc2f61b2c6c4bff7261dbb9395fd2587204df192a895,
394780952,72,0x6df8d166c8775d8af71dfa784408fbaeaa1c90476f1af61ee33d0ec9f81b5fe3,44,0xd294ac18b524ff59ab7fffcbd459f11128220550,0xf056f435ba0cc4fcd2f1b17e3766549ffc404b94,5E+20,21000,,,1,2019-03-16 17:06:07,7381271,0x1f6b7eb1103dc066bb2c07175507813a8e421f07776eef9160d4829f0875101c,
394873085,73,0x7af05c93087c6fd9451d670bf948b84c93ff34b4f1116078a3aaadea2f243df0,38,0xd294ac18b524ff59ab7fffcbd459f11128220550,0xf056f435ba0cc4fcd2f1b17e3766549ffc404b94,7E+20,21000,,,1,2019-03-16 23:48:36,7383118,0x39d26bbab6c3be88b0984f140f377688725fd289e60050d41fb2890216d1e58d,
394899517,69,0xdb55015a2aef36900af49b928128cf67c6f8a3a25e1e7662ec8b5c09c977a058,6,0xd294ac18b524ff59ab7fffcbd459f11128220550,0xf056f435ba0cc4fcd2f1b17e3766549ffc404b94,5E+20,21000,,,1,2019-03-16 16:18:06,7381089,0x8552806f8d179c9ec81abc0f0a47c048b52fac45c2bb1c108b88abad795ac537,
394958112,70,0xa4c6295395e5517520d19e911ed403ab2c772cca3c32e9035f2b220001b5280b,23,0xd294ac18b524ff59ab7fffcbd459f11128220550,0xf056f435ba0cc4fcd2f1b17e3766549ffc404b94,6E+20,21000,,,1,2019-03-16 16:29:59,7381130,0x27276646bbc7b993a89cf0342c188a73398abda38580cf5dd881452ad98f82c4,
394977163,65,0x8ed460e6331ef10e973964a3825e8a201dea8ed3587d09509d4c36843fe559c5,12,0xd294ac18b524ff59ab7fffcbd459f11128220550,0xf056f435ba0cc4fcd2f1b17e3766549ffc404b94,8E+20,21000,,,1,2019-03-16 1:20:05,7377048,0x5ccbc56dd637b19f1caf9bdcdc9d6bd267142a39fb448d4064b95812c031af7e,
395028095,71,0x45cb806e1bfcd0462549d9a0b0a0c26f4cd1fd026c0c90f95beccde15d7fc555,86,0xd294ac18b524ff59ab7fffcbd459f11128220550,0xf056f435ba0cc4fcd2f1b17e3766549ffc404b94,8E+20,21000,,,1,2019-03-16 16:41:35,7381175,0x1bdee4ab891a51b90b7db7aeedc75ed7b945949b390cfb3c55b05ad9674722e9,
395086803,64,0x723084624e8c1cdb3e4ce61e4c9a9983060b732fbd9a8f20a184b74b146c979e,23,0xd294ac18b524ff59ab7fffcbd459f11128220550,0xf056f435ba0cc4fcd2f1b17e3766549ffc404b94,5E+20,21000,,,1,2019-03-16 0:41:58,7376860,0x26cf737385abaf391f8479824ff1575389e0d713fd5a17048ebbc550baae0b4f,
395094322,68,0x7d4c451569c3dbd30bff7882b2fc61e49c7758c143c49c4818479128c4f27175,123,0xd294ac18b524ff59ab7fffcbd459f11128220550,0xf056f435ba0cc4fcd2f1b17e3766549ffc404b94,1E+21,21000,,,1,2019-03-16 4:24:26,7377889,0xeed01376d73dc9d1b2f6c46f173883b6a24f917c7eb602e20f11513dcdbb4d8f,
406506968,27,0xd1d65ce1349b476cd5d303e7c4e4bd14a0b030c4f08022b44a15010a1afdc962,109,0xd294ac18b524ff59ab7fffcbd459f11128220550,0xf056f435ba0cc4fcd2f1b17e3766549ffc404b94,3E+20,21000,,,1,2019-03-13 2:09:30,7357985,0x92867e52c84e95826c3952bc10f849716a023767044178a7538b1e90c81c7977,
406527718,31,0xeffb4752428e3bc48557f3809ae972241092a544547ece0ce698ce3cd1db530d,228,0xd294ac18b524ff59ab7fffcbd459f11128220550,0xf056f435ba0cc4fcd2f1b17e3766549ffc404b94,3E+20,21000,,,1,2019-03-13 9:59:51,7360040,0x7d2cbf4cc4c12f268ae6eb82bb2436515bdaa0b5de560f8d062441158880c208,
406609069,35,0xf874b95052710b2542fe938e43041899616e376a2c55cf31320490be7f8f1650,52,0xd294ac18b524ff59ab7fffcbd459f11128220550,0xf056f435ba0cc4fcd2f1b17e3766549ffc404b94,3E+20,21000,,,1,2019-03-13 15:52:08,7361606,0x854c1e036e63849e58e9f158d3f2da949c05de2fec3b661659bfc3c7e9337f23,
406714986,30,0x7f3adfedea35c76830e84d4e219edb28cfef08c2364b20a963048be3f65dce52,15,0xd294ac18b524ff59ab7fffcbd459f11128220550,0xf056f435ba0cc4fcd2f1b17e3766549ffc404b94,3E+20,21000,,,1,2019-03-13 9:19:13,7359855,0xb80f6fe3b0e3f8f54614f771a007e59fb1745800a19a00638e553db0d19412d6,
406742828,37,0xd1560503c8dc331824b26f0772e4968bfd38f3f6fe8a041f7a0bfa9aaea8f9c7,19,0xd294ac18b524ff59ab7fffcbd459f11128220550,0xf056f435ba0cc4fcd2f1b17e3766549ffc404b94,3E+20,21000,,,1,2019-03-13 17:04:52,7361915,0x27ab071ed1cd24fe06a80957024d18888170b0c529ee28f008741e372f820954,
406748928,32,0xd5b6959008025d108a3095990b329e192d4e5dc6fc7f215f2f78604b4747e516,71,0xd294ac18b524ff59ab7fffcbd459f11128220550,0xf056f435ba0cc4fcd2f1b17e3766549ffc404b94,3E+20,21000,,,1,2019-03-13 13:12:16,7360893,0x5027a0d8af41a3cf7292c138553d959e1a173c24e125c847385a47e8fb4b661f,
406787399,39,0xf6bf4556ae712810b0e499ee337691ea2bf5a353f09891b79d3169631a9057e6,15,0xd294ac18b524ff59ab7fffcbd459f11128220550,0xf056f435ba0cc4fcd2f1b17e3766549ffc404b94,4E+20,21000,,,1,2019-03-13 20:01:39,7362701,0x74c95722f2cd3ede3032a4347cb948fefe8afc5e3efb90f2bbfad89815eaf03a,
406837654,29,0x76df826808fc8fba634c063dc81315ca0510aac28088fe8f1529ff60db2f9811,101,0xd294ac18b524ff59ab7fffcbd459f11128220550,0xf056f435ba0cc4fcd2f1b17e3766549ffc404b94,3E+20,21000,,,1,2019-03-13 6:36:44,7359139,0x7a21010dd7228d41c5c8e2aef52c3d2c3ac1179998a42ceb087f399def3d970e,
406924623,40,0x79ac44814bfed5d850ecd9ce0778d19211cee3a8f818a84ba0254d83c7e03c61,22,0xd294ac18b524ff59ab7fffcbd459f11128220550,0xf056f435ba0cc4fcd2f1b17e3766549ffc404b94,5E+20,21000,,,1,2019-03-13 20:15:38,7362756,0x7f7a28e50ef0ec53947edfef372a26211479f8f470d050ce97c7134c7134d518,
406940190,26,0x2549357463e8395566d8facacef05fcb2cc58c5f555528a48d4404a640eceab5,42,0xd294ac18b524ff59ab7fffcbd459f11128220550,0xf056f435ba0cc4fcd2f1b17e3766549ffc404b94,9.99999E+19,21000,,,1,2019-03-13 1:53:07,7357900,0xc019420ad67d2ce831c2488754be4ca9ade690b56be2aa877c504a7010e2f325,
406944020,33,0x133bd90bc7aef163545a3915d9059098cbaa7a0c33ac37ec98e62bc19bbcad03,143,0xd294ac18b524ff59ab7fffcbd459f11128220550,0xf056f435ba0cc4fcd2f1b17e3766549ffc404b94,4E+20,21000,,,1,2019-03-13 13:29:01,7360973,0x767d2ba304100ccf41de78f52d4c433a5968d3046883c7a6fe886c654c780d70,
406951698,28,0x95f3cea5566606fc669df657fc4170b780fa66d31fcb01bde303ae39ec9fc360,93,0xd294ac18b524ff59ab7fffcbd459f11128220550,0xf056f435ba0cc4fcd2f1b17e3766549ffc404b94,3E+20,21000,,,1,2019-03-13 3:53:57,7358421,0x56567a971747222aaa4da318404b48854ce3ff37570d8b7036e9c03c9e8e3bab,
406952296,38,0x553bb25e2ce2d28fc906328dad74a658e853cb436bc0bcb6586d2f7fc251d3a9,67,0xd294ac18b524ff59ab7fffcbd459f11128220550,0xf056f435ba0cc4fcd2f1b17e3766549ffc404b94,4E+20,21000,,,1,2019-03-13 19:22:59,7362517,0xbf8137da9bc562ecea54b3cf148342494c6e64149db7c52a1670c67852642c99,
406961368,34,0x334f8aef9f6fcd9af94439a1a16bec0420de33dcbe3228c79a7652f0d4628701,66,0xd294ac18b524ff59ab7fffcbd459f11128220550,0xf056f435ba0cc4fcd2f1b17e3766549ffc404b94,3E+20,21000,,,1,2019-03-13 14:32:32,7361247,0x2edae1254748bc708277eda80d637d7bcd5cfc0bbcf24613439363bae0a237bb,
406987052,36,0x4a67933624c0b994f61de06aa0baa2c6fa5b1fa15ea32d66081cd570908994b5,61,0xd294ac18b524ff59ab7fffcbd459f11128220550,0xf056f435ba0cc4fcd2f1b17e3766549ffc404b94,3E+20,21000,,,1,2019-03-13 16:33:14,7361791,0xab2c78c5bc3a7bc9a85c79429d2690de6a032c70cf7a1032580e7ef105bb0417,
417629319,0,0x9197bbc211896044772a17957c8108617e3a867711f8e43b5907d8c01598e2d8,237,0xd4e79226f1e5a7a28abb58f4704e53cd364e8d11,0x7d90b19c1022396b525c64ba70a293c3142979b7,1E+21,21000,,,1,2019-05-21 8:21:15,7802134,0xd1efeb4c02810f785f5e2b47d400d65ab1c5419c1330381e716c391f26fb4c30,
418061630,1,0x9928ce102c1964419ade56b53f61b5f0f6b9442abb75467992baef46b477850b,126,0xd4e79226f1e5a7a28abb58f4704e53cd364e8d11,0x7d90b19c1022396b525c64ba70a293c3142979b7,1E+21,21000,,,1,2019-05-21 14:29:07,7803780,0x1cb7e79029b541a99ce54392bf13547dae3f441e6083f21e297ed3a885ed42f4,
418275215,2,0x6090a5ae9a76f43c8db7546f69d837af194cacddbd7735b9215b4b09d034cc27,12,0xd4e79226f1e5a7a28abb58f4704e53cd364e8d11,0x7d90b19c1022396b525c64ba70a293c3142979b7,1E+21,21000,,,1,2019-05-21 16:41:52,7804343,0xca6125322bba22ca52d9bd49dacc0bc46dd45eedf2cab1b4a8ee897ce8261c38,
418575889,3,0x9489535a447639bfde9432e37bb9b54cf7698dc7c70263053117fba89d35d2bd,78,0xd4e79226f1e5a7a28abb58f4704e53cd364e8d11,0x7d90b19c1022396b525c64ba70a293c3142979b7,1E+21,21000,,,1,2019-05-21 18:02:36,7804668,0x2d0fa5c43cd35b2f8950b28e7f6dab7fb684a91e8f4200e3766150e09200fa14,
440649515,8,0x0a83229459dd79251aea471b39e9def78bef0d96bf6781f200017a68edc6a82d,179,0xd4e79226f1e5a7a28abb58f4704e53cd364e8d11,0x845f93f489b524f19864db6e0ab581c532b58d36,1E+18,21000,,,1,2019-05-28 10:15:04,7847428,0x6ece17997504e775145dd5be815b58d45a6e9b330ba5682838e8cf4c0ad72da6,
440654515,9,0xe4ccc8cc9a7e0f35d3cb50f234da04fefd18656668763bf288012f0051a16945,98,0xd4e79226f1e5a7a28abb58f4704e53cd364e8d11,0x845f93f489b524f19864db6e0ab581c532b58d36,23759725615947725973233,21000,,,1,2019-05-28 10:15:58,7847430,0x1e94a8fcf5b94d10aca2c1b0bf3eb125e05d2a2e3229ad55ede3883c403d4ffd,
448752948,4,0x69225d13455a882e2e790035bf20810cb02065c83afc4a70b0c000dd01445840,157,0xd4e79226f1e5a7a28abb58f4704e53cd364e8d11,0x7d90b19c1022396b525c64ba70a293c3142979b7,1E+21,21000,,,1,2019-05-22 0:48:04,7806512,0x9cfbf41fe2aed80ce476878a5b3d975be70ba75389a4e114b04aad6158d65b27,
456855234,5,0x0c5eed3c09293992ce7e0cdb4432e6e7140cda1fde13555c78089dbcad1fd854,92,0xd4e79226f1e5a7a28abb58f4704e53cd364e8d11,0xc5883084a66ac9e08379256269c18345ccefe458,5E+18,21000,,,1,2019-05-25 12:02:44,7828658,0x65c8349f9f04b5c2cf641a050b3a4add8baddae7c0cecda92c4415555c3000ba,
456894416,6,0x1ed7dec3a0027bccea5f689ebe8c24be43aaf838eef67b24eb4ff0b22794422a,58,0xd4e79226f1e5a7a28abb58f4704e53cd364e8d11,0xc5883084a66ac9e08379256269c18345ccefe458,1E+21,21000,,,1,2019-05-25 12:05:22,7828671,0x57cd8ffe5a8802d751adae65941564c38e8fb3c8453328dabbad552f99f40e8f,
425604873,1,0x1ac8b9e48a45a2121e2346a74a68c8f69bfd3bd0e3121adcc4cdd3f3b182cb45,117,0x106018ce967e52e34bf27153197c7756235d972b,0xd4e79226f1e5a7a28abb58f4704e53cd364e8d11,1E+18,50000,,,1,2019-05-20 17:00:16,7798053,0x78589f02318e62bd12e6e367f490150b62f9982e6b7f79b51c7a32a2b6c6e0ed,
425610573,2,0x2f56d02a40bbba3c981882d4300a3d2931cc43f8bb1553316e56adc688bf9471,69,0x106018ce967e52e34bf27153197c7756235d972b,0xd4e79226f1e5a7a28abb58f4704e53cd364e8d11,9.9399E+20,50000,,,1,2019-05-20 17:01:24,7798055,0x550e13b4470955731061a76b4c0fdc60285b3e63af7269c9da2906dc1f06d747,
425521876,26,0xf1e27da8e7987cc0682c70c4dd0852b9c2c02bf57956937787d220e8cc0b2b1a,200,0xd96ba527be241c2c31fd66cbb0a9430702906a2a,0x106018ce967e52e34bf27153197c7756235d972b,1E+21,21000,,,1,2019-05-20 6:09:50,7795204,0x4c68e3455920f6025251d2cbe97a7a7ca99eeb8bf1c7afbe21e655444ccda37b,
425708149,25,0xe11c8d66a961a9a6fdf6f7736423b9c55433ad251f14bbdb6abe29bbb1b016be,72,0xd96ba527be241c2c31fd66cbb0a9430702906a2a,0x96afcaa806d98713cf169ad95ed8e509ebf3f4a0,1E+19,21000,,,1,2019-05-20 5:27:19,7795024,0x4a04151647f56f43c8c9721591686e6ff673062042b65c0ed68e43451d2ee4cd,
426051629,24,0x21f6da966ae4c1cc245949866e2aae7b6d517564b3b01f15d6ac65d95aa56602,56,0xd96ba527be241c2c31fd66cbb0a9430702906a2a,0xb7e55d89850b67ab2ffb1a54e3a9f18b916f88b2,1E+19,21000,,,1,2019-05-20 5:00:52,7794901,0x927dd4feb8eb7528faf05c898f3c858e6de6bd79e66685ad2c61b9c28e3c7ffc,
220669294,0,0xfd079f5d639ae91160da20fbb4850d1341e6cdf621ffd3b476e3d777067ec401,151,0xd96ba527be241c2c31fd66cbb0a9430702906a2a,0xd294ac18b524ff59ab7fffcbd459f11128220550,5E+19,21000,,,1,2019-05-07 1:32:48,7710790,0x8ea39b41955b5c8e5430f5c4da628c62edd37b04d0a4bdd5c6bf89d06a87d9f1,
425624019,27,0x35758f84ac391cd0f2b5380175c549a605ee85076b95cbc5f6268dfe038d7f92,16,0xd96ba527be241c2c31fd66cbb0a9430702906a2a,0xd4e79226f1e5a7a28abb58f4704e53cd364e8d11,1E+18,21000,,,1,2019-05-20 17:02:27,7798060,0x501156f4c8b4309a95b4dbedd1c08466cc688d568fd8f4879aaf1d73d485b8b6,
425636590,29,0x6f67608b15a3f0b8415e21206f16845a9352ac9f050589b439a46e568315fd0a,189,0xd96ba527be241c2c31fd66cbb0a9430702906a2a,0xd4e79226f1e5a7a28abb58f4704e53cd364e8d11,5E+21,21000,,,1,2019-05-20 17:02:58,7798066,0x4df55623d945335c6b934632d2fb02f34415fa8999e79908a54b1674d8f2968b,
425636679,28,0xc9f53e719d81441a11bfa65682c2235eb4e63710d15dc7fbc2e7cd09e312abf8,188,0xd96ba527be241c2c31fd66cbb0a9430702906a2a,0xd4e79226f1e5a7a28abb58f4704e53cd364e8d11,4E+21,21000,,,1,2019-05-20 17:02:58,7798066,0x4df55623d945335c6b934632d2fb02f34415fa8999e79908a54b1674d8f2968b,
425638511,30,0x9969ca31352a32f796320dac61594bca629f3b8a709ac7a8e40439fb74444624,105,0xd96ba527be241c2c31fd66cbb0a9430702906a2a,0xd4e79226f1e5a7a28abb58f4704e53cd364e8d11,1E+22,21000,,,1,2019-05-20 17:03:37,7798067,0x288e30d12f999eb0522cea41024acd8d6c20517d0d4e938520d837c7dd7ae529,
425644021,31,0x09f1b4f96f1e394ab4634cac768c097c1c4123c39a334dd959e56bd60266c575,101,0xd96ba527be241c2c31fd66cbb0a9430702906a2a,0xd4e79226f1e5a7a28abb58f4704e53cd364e8d11,10769729044941925973233,21000,,,1,2019-05-20 17:04:20,7798069,0x73dac094e24e003a1b2be9aedf7b9ae0a224281ef6be9bf3cbf0ff95eb64cd67,
425852446,0,0x46b8b63a71b477d5e1ba2b91c9f81505b0753e1a4bd2040729ec1837b61f8bf4,2,0x3fbaa73a433daa0f6c43d1c732c3f97a86f3a427,0xd96ba527be241c2c31fd66cbb0a9430702906a2a,1E+18,21000,,,1,2019-05-20 1:42:40,7794054,0xd60634aee6ba2ab597a5ebe3494e755fb58297a9fdd9060c8fbb56243a4b2c29,
425865863,1,0x16b674afe80107bc3acfe2ee613c8371e0987a36dc0ae51ad3de57458136441b,13,0x3fbaa73a433daa0f6c43d1c732c3f97a86f3a427,0xd96ba527be241c2c31fd66cbb0a9430702906a2a,30789731084991925973233,21000,,,1,2019-05-20 1:43:57,7794059,0xa9cfbf25bebfe6f8f6c18ec01e000ca06595f6df20fc3f145e90cd82f50a4244,
207034694,31,0x29f4219af8b5a3fc67cca537add2a7f7492fff432ebff53a9cec4f55a9990e66,59,0xfe61ad22a847c4df702731c7d5e803d283ea1376,0xf775a9a0ad44807bc15936df0ee68902af1a0eee,5E+20,21000,,,1,2019-05-11 0:50:06,7736108,0x4b5ffa1d26e9e81957a82f716858df315ac17a3f8e3322ad418526c21b0b9893,
207187735,34,0xa42636eb11a7f3be4db394000b13e71bfc970e9613c012839ea6e31daaad6c0c,134,0xfe61ad22a847c4df702731c7d5e803d283ea1376,0xf775a9a0ad44807bc15936df0ee68902af1a0eee,8.00151E+20,21000,,,1,2019-05-11 8:38:15,7738199,0xfc09397fa69544a45c15f9a31a2829154926f66435a99aa4566c76b36a0f987f,
207297700,33,0xd1a06bf0464c1623be6d4f0625902a8759f7ae013564a882dbb85d2d45bdfe64,125,0xfe61ad22a847c4df702731c7d5e803d283ea1376,0xf775a9a0ad44807bc15936df0ee68902af1a0eee,5E+20,21000,,,1,2019-05-11 5:53:08,7737462,0x2d17b86e3b9af7cc12c00aecc0f66da13cbeb3d2cddeddee1a0a25af0a20cf59,
207735862,32,0x14ebda369f84d1de410777b9c1699b34a0ab89a3449344d600563ddedad115ad,56,0xfe61ad22a847c4df702731c7d5e803d283ea1376,0xf775a9a0ad44807bc15936df0ee68902af1a0eee,5E+20,21000,,,1,2019-05-11 2:36:53,7736575,0x8ba5f715c5b4ffc72e5c6fcaaaa5c26e11d35c04a50558c10a4fefb41d68686b,
215286888,24,0xa75d45ee19b3b59b7cab7a3e9598512e7c2ae53c8ca563a789a1589ff403f2cd,85,0xfe61ad22a847c4df702731c7d5e803d283ea1376,0xf775a9a0ad44807bc15936df0ee68902af1a0eee,9.99988E+18,21000,,,1,2019-05-10 9:37:31,7732062,0x0a88a08e9c50b6137d6a994ca557d0622f46d4cd663b0642bb6a718c3b1a3e86,
215291784,29,0xbe57abd782b61bd3199f2f1f243170591a3c9fbe336294a817f86a860cafbc7d,123,0xfe61ad22a847c4df702731c7d5e803d283ea1376,0xf775a9a0ad44807bc15936df0ee68902af1a0eee,5E+20,21000,,,1,2019-05-10 13:41:02,7733087,0x82a9f357d5ac34e22d34219a3984f1144268ac423af28a53098a813a8817be0b,
215458845,27,0x1c671ace8504ccf95eba8d8935ecab4638edce9f23c478303b400717d7a6c915,98,0xfe61ad22a847c4df702731c7d5e803d283ea1376,0xf775a9a0ad44807bc15936df0ee68902af1a0eee,5E+20,21000,,,1,2019-05-10 10:48:22,7732371,0x77621e354d80ae3b48b6e12e7553f3dab419d9efcd67f5e5cb4c8dc5d83beca6,
215462212,25,0x22f1b4ba44c0d68a2adf44a35e7c1e9a6e591752c15a49d681772740492b483c,73,0xfe61ad22a847c4df702731c7d5e803d283ea1376,0xf775a9a0ad44807bc15936df0ee68902af1a0eee,3E+20,21000,,,1,2019-05-10 9:48:38,7732116,0x7d24f2e7a11358050ba5e581abcb6d86b9969db71c88c35aa0c2800e3ba0c9c2,
215575379,26,0x73664c03d7fa83070919e4625ec946c6aca12f326d5fdb190cde83dcf2b9109f,154,0xfe61ad22a847c4df702731c7d5e803d283ea1376,0xf775a9a0ad44807bc15936df0ee68902af1a0eee,5E+20,21000,,,1,2019-05-10 9:59:30,7732149,0x307dea2aa49a41b1377a883f441cab077894935f50556028c1a5d7acf35ab829,
215593132,28,0xdc1b2702ec08ce1ce2ff821017714df95b72b7a835ca7b427efd41e36bf8d743,65,0xfe61ad22a847c4df702731c7d5e803d283ea1376,0xf775a9a0ad44807bc15936df0ee68902af1a0eee,5E+20,21000,,,1,2019-05-10 10:57:26,7732410,0x5c7684bb058a42b14b42d87030164870bb2f129997459bf2e452cafa4dae7178,
215647222,30,0x60b40cf3f8724da5e2f1de9b2ea618c917c629d56a4898e501073dfba4be6de9,113,0xfe61ad22a847c4df702731c7d5e803d283ea1376,0xf775a9a0ad44807bc15936df0ee68902af1a0eee,5E+20,21000,,,1,2019-05-10 14:07:30,7733198,0x9b80accabae1472ee13b0d1991bb9581147c7378492e4bfceb3bd51acaa0ade9,
218947033,2,0x23d19547d5432c51ba941648ea200edcfa4be8b663cd5de1ea38ced68aa3d2a9,108,0xfe61ad22a847c4df702731c7d5e803d283ea1376,0x39d9f4640b98189540a9c0edcfa95c5e657706aa,3E+20,21000,,,1,2019-02-24 3:35:48,7260060,0x3f200efab6006d4889b9d138cc04e44b9291a02957d512867b196ce4ffcc0e39,
219003839,3,0xd3292a7c94eeacad60e4ddda1ea2c088dfe6e86ae6509be4d62ea71fe3eb0cf7,158,0xfe61ad22a847c4df702731c7d5e803d283ea1376,0x39d9f4640b98189540a9c0edcfa95c5e657706aa,3E+20,21000,,,1,2019-02-24 4:01:08,7260137,0x9f29f1b181d3fde8ae20778ee79e767d7a242baf1a5233e5a9db1423e687e4ce,
219036616,5,0xf1133edc865ff25e2afac2b206164885fbb72aab7dca9ff8b3de01c0fc2dc3c6,159,0xfe61ad22a847c4df702731c7d5e803d283ea1376,0x39d9f4640b98189540a9c0edcfa95c5e657706aa,4E+20,21000,,,1,2019-02-24 5:26:25,7260348,0x1b9982ba979b4e78e215353c3c247b800a5518a7555b287cceecb80b98f17e8d,
219146797,10,0x63d261732e92cc0aebdff9508af698069c85402decefebc266a61011dd09390d,73,0xfe61ad22a847c4df702731c7d5e803d283ea1376,0x39d9f4640b98189540a9c0edcfa95c5e657706aa,5.5E+20,21000,,,1,2019-02-24 7:44:30,7260738,0xaecbd7863ef478778090085aef342a6f0865011d00633671526b15d8f8724cfd,
219166976,9,0xd760706f2e7cd2ad5552327ae7f6350e9fba3b82ec2d53a5adcad9bae066be89,204,0xfe61ad22a847c4df702731c7d5e803d283ea1376,0x39d9f4640b98189540a9c0edcfa95c5e657706aa,5E+20,21000,,,1,2019-02-24 7:31:38,7260708,0xfd9dee272451035896a44d5584290452dcca0c8210a7e29b42ba28871fae72dd,
219204767,1,0xcd1f248d53be3408a56066ffc62fb54faee2b9e546a91e92b93e68d76a1bfbb4,171,0xfe61ad22a847c4df702731c7d5e803d283ea1376,0x39d9f4640b98189540a9c0edcfa95c5e657706aa,3E+20,21000,,,1,2019-02-24 3:10:26,7259987,0x05b9c455d6bfc1c6936a11b9a011ad235b56c4707a92335a7c6458f336f57c02,
219229433,11,0x0ce5be179f158de0ba8fc55a9c6b9f43ecdd7000624fe3d93f4cd29f0990ccb4,110,0xfe61ad22a847c4df702731c7d5e803d283ea1376,0x39d9f4640b98189540a9c0edcfa95c5e657706aa,5.90209E+20,21000,,,1,2019-02-24 7:57:06,7260776,0x9fe13a31de7fc765705bc11846ca1833a94605c4b398cf2d3b1b7d64cf9ccfe0,
219231272,6,0xf645c54b644a6f82cd970cfb822e3a91d4c155e6fe0fed8fd4f3a93f0539f265,142,0xfe61ad22a847c4df702731c7d5e803d283ea1376,0x39d9f4640b98189540a9c0edcfa95c5e657706aa,4E+20,21000,,,1,2019-02-24 5:48:10,7260404,0x260673fe145000c4578e3120bd448fbcc293de7dfe0c3037260c2121da8e6313,
219274438,8,0x04c099bffc966a8e13dd4f1b78e2faf5b3154d9bc0f5c3a36b4fcf49ac69be98,83,0xfe61ad22a847c4df702731c7d5e803d283ea1376,0x39d9f4640b98189540a9c0edcfa95c5e657706aa,5E+20,21000,,,1,2019-02-24 6:37:31,7260556,0x369ba973ead1f07bb22cea2fd0de8bb81fe7119d69959d43d05021795f6170fd,
219279284,0,0x88fb704fcce971cfc8035494b6c7b78b14170334fd79f241efb924444fc77aeb,159,0xfe61ad22a847c4df702731c7d5e803d283ea1376,0x39d9f4640b98189540a9c0edcfa95c5e657706aa,9.99998E+19,21000,,,1,2019-02-24 2:10:11,7259814,0x4a8353482df0d72e3cd996ed66acb7ce2afd985f0252239aa90174aace899e79,
219302368,7,0x530db303d4abfdb5a0e4c4495520c8153457b323d26e16c09dd7e20078595a11,137,0xfe61ad22a847c4df702731c7d5e803d283ea1376,0x39d9f4640b98189540a9c0edcfa95c5e657706aa,5E+20,21000,,,1,2019-02-24 6:09:23,7260461,0x426a2ed0969564f3846f760b6ba82461c17a37d53a11dea31f960e32f577802c,
219356891,4,0x6d8fb135d31ea88ff74908671e6106ac02d76c610754dc3333e9947523048ed7,109,0xfe61ad22a847c4df702731c7d5e803d283ea1376,0x39d9f4640b98189540a9c0edcfa95c5e657706aa,4E+20,21000,,,1,2019-02-24 4:31:27,7260212,0x49f0d2ae51925eb10f128144b67db644569824f86a153a5b46ea83361d26311e,
220474632,23,0x2c695a831916e9771d1d003f7bc255f8208cd1ac1d478df006dff06b5b3ee6f6,112,0xfe61ad22a847c4df702731c7d5e803d283ea1376,0xf775a9a0ad44807bc15936df0ee68902af1a0eee,3E+20,21000,,,1,2019-05-07 7:03:27,7712260,0x5facff34eacfaac624fde77ad1333c700dff49ca97d204c634fe3bb62dd8bf1a,
220478972,14,0x5d21861ab8c9e2a2c05e72456b7a44868881536a0d84eb526fbab062042e1646,244,0xfe61ad22a847c4df702731c7d5e803d283ea1376,0xf775a9a0ad44807bc15936df0ee68902af1a0eee,3E+20,21000,,,1,2019-05-07 2:17:20,7710982,0x3012bcc779a762454281ecdcee5b6d96358dbf48b6c3734b8e3251cd323fd5cd,
220723937,18,0x8084823a8663bd1d50ed683c45b54097563da4fe3af8226ec6aab8da9381cc6a,137,0xfe61ad22a847c4df702731c7d5e803d283ea1376,0xf775a9a0ad44807bc15936df0ee68902af1a0eee,5E+20,21000,,,1,2019-05-07 3:33:13,7711319,0x8c2c38f92709d201e0207496d52de9fd90ddbbb721e6b8bd5ae6125df93906df,
220748207,21,0x1a069bd9e608f3aab9444864cfbbc06fcf9aa0752c1da79098e76382d1aa484c,65,0xfe61ad22a847c4df702731c7d5e803d283ea1376,0xf775a9a0ad44807bc15936df0ee68902af1a0eee,5E+20,21000,,,1,2019-05-07 5:36:45,7711838,0xa3598a0c268c9683e490a49ddfa1f91936eec2c3b07d80bde24414254009579c,
220783955,20,0x76e4321ad7d9b2be040858a86c813428f5fa489832169d7aef8964153b9c58dd,179,0xfe61ad22a847c4df702731c7d5e803d283ea1376,0xf775a9a0ad44807bc15936df0ee68902af1a0eee,7E+20,21000,,,1,2019-05-07 4:37:59,7711594,0xabb9df73bd2aa2b2a4e8988180d31098b7260709e6850a606d40ee93a88940ba,
220924174,12,0x4646544f058fa86e2062d42b7556e79e5d0eb54d944e9c6ebf23bfd1f89e8c0e,63,0xfe61ad22a847c4df702731c7d5e803d283ea1376,0xf775a9a0ad44807bc15936df0ee68902af1a0eee,4.99988E+18,21000,,,1,2019-05-07 1:50:11,7710868,0x3ee93c6d1a49052adae9c8ae128e19f3cdf159b48be84d16ddb89ad4dc8ffef5,
220961145,15,0xdaf607cfb4ac466c3600579006f3fe34ecf1af49de3f3e0cb8bce62886f3535f,81,0xfe61ad22a847c4df702731c7d5e803d283ea1376,0xf775a9a0ad44807bc15936df0ee68902af1a0eee,3E+20,21000,,,1,2019-05-07 2:53:35,7711136,0x2c702328bcc8cb46c15ecb7f34a07c92b74174e01be160b88022560f4cce389e,
220970523,19,0x8532b6184c1aeac0f795ba61e8a9943f66d48e42e9230c66600cac06757576f7,46,0xfe61ad22a847c4df702731c7d5e803d283ea1376,0xf775a9a0ad44807bc15936df0ee68902af1a0eee,5E+20,21000,,,1,2019-05-07 3:53:20,7711395,0xc3bef94b7c9407d905be42aba6529a7d0e468eed1887b72f4eb3eee8c2716c0a,
221118515,13,0x6ca473da2b6bfaa42b4d9dad15ca0456a74be38b6f719bf3add2a249d4d62782,194,0xfe61ad22a847c4df702731c7d5e803d283ea1376,0xf775a9a0ad44807bc15936df0ee68902af1a0eee,9.99999E+19,21000,,,1,2019-05-07 2:05:29,7710927,0x35813a99944bc9bc478c91d0ba172785ea9383595fcf7c10e6c08ed6a9291e0b,
221124638,16,0x7731bbbc6b2f8078060d770df7daf2e32e53226e71506dd3af8b655b962b16e4,62,0xfe61ad22a847c4df702731c7d5e803d283ea1376,0xf775a9a0ad44807bc15936df0ee68902af1a0eee,5E+20,21000,,,1,2019-05-07 3:05:14,7711185,0x6cc63032904bc9db2b4ffd4c21bb3704c1e289bf3411fadfe1ebeab93a12c633,
221132645,22,0x138ea0b2b555eb2bc53e9d8849edd17421da7a4c15127025675eefb3b9bd4dc1,181,0xfe61ad22a847c4df702731c7d5e803d283ea1376,0xf775a9a0ad44807bc15936df0ee68902af1a0eee,7E+20,21000,,,1,2019-05-07 6:52:54,7712211,0x33b3569b81b19363bf96b9199ba9d26f0e2d655de9dbb794eb996a23756e5358,
221231756,17,0xca26513b1cd3300e1fe9879277b7c08a7c2ab4caec176c2b2946c573b32818d6,130,0xfe61ad22a847c4df702731c7d5e803d283ea1376,0xf775a9a0ad44807bc15936df0ee68902af1a0eee,5E+20,21000,,,1,2019-05-07 3:12:08,7711223,0x19bb697ce0fa2539971348044c69677f6d97237c0926e8ac2a58d44f24c75b03,
425599442,37,0x7e496150ca360742be47ee7defd527e4962a3df857d96797a02840327eaa289b,23,0xfe61ad22a847c4df702731c7d5e803d283ea1376,0xf775a9a0ad44807bc15936df0ee68902af1a0eee,3E+20,21000,,,1,2019-05-20 9:12:13,7796003,0x07b80732d764f17a6e4ad19251e4c6a92814f4e1b670381ee91b6d6cf7638965,
425761560,35,0x95f64af92225766b6bf2b9697aa34b6a65e999926aa7067e2821357f816fa74c,25,0xfe61ad22a847c4df702731c7d5e803d283ea1376,0xf775a9a0ad44807bc15936df0ee68902af1a0eee,3.03E+20,21000,,,1,2019-05-20 8:28:22,7795811,0x8ce06a1322c75f60c58118a359f85d3a2e7f6434b851bcd1531a14b601f9fae1,
426077249,36,0x2308f41b115c9e5311e6ccd6c84ac9a8d7a191172107de9a47ebf1ab81ea2a71,174,0xfe61ad22a847c4df702731c7d5e803d283ea1376,0xf775a9a0ad44807bc15936df0ee68902af1a0eee,3E+20,21000,,,1,2019-05-20 8:56:55,7795936,0x8da273e241fb5ce591239eec8fa0c1e37c9ac18097355b24f54df106fd636a0b,
207670287,21,0xd3c94fdc84ef18035f6a1fa6ac7c382673026ed649aa083f4bcec29653d541c8,39,0xd96ba527be241c2c31fd66cbb0a9430702906a2a,0xfe61ad22a847c4df702731c7d5e803d283ea1376,5E+20,21000,,,1,2019-05-11 2:31:39,7736555,0x5744b006ee516a1273d984a40a9d049570c6b2a02f44baf8b5fed5b6e374994e,
220658934,7,0x35472e9f499be0ce3459490c1286937f81bb6b5dcc83a5119f38d62e2af07a76,128,0xd96ba527be241c2c31fd66cbb0a9430702906a2a,0xfe61ad22a847c4df702731c7d5e803d283ea1376,5E+20,21000,,,1,2019-05-07 3:28:38,7711299,0x1cae3f88a0ff233e84f202cca61cb3a683081d9a796e8a2177ab4d7395aa09a0,
206968540,20,0x867c97c68382d6fd894ca977448282a5dfbdfa196eab531a65cec4b8968779e5,29,0xd96ba527be241c2c31fd66cbb0a9430702906a2a,0xfe61ad22a847c4df702731c7d5e803d283ea1376,5E+20,21000,,,1,2019-05-11 0:45:04,7736088,0x96b7fc990211a8c94bcd144a98fb116b3fcc4afe8ed90c208f1cd5bc99f3ef52,
207107251,23,0xedb538560778266f7bc00010bef6c7a19a5d881e6dcbbb72861857ae9d586c81,126,0xd96ba527be241c2c31fd66cbb0a9430702906a2a,0xfe61ad22a847c4df702731c7d5e803d283ea1376,800150792492051250329,21000,,,1,2019-05-11 8:34:09,7738177,0x06d41ff5b1ad13be33f70ad9b56b1ae37eacc8a3af7b83f4b65e3d1a7b7333f9,
207228367,22,0x02f321e505b7f1cf5dadc8e5a232ae09c47b74185255164cdd4fc2d139f6c9ae,109,0xd96ba527be241c2c31fd66cbb0a9430702906a2a,0xfe61ad22a847c4df702731c7d5e803d283ea1376,5E+20,21000,,,1,2019-05-11 5:50:06,7737442,0x1736718c365d99100338af9c3d20e0f167d51bc07c8312d803c29ba0a5fb207d,
215065423,18,0x39ccad16cf1f000d0ca9b3a98f907260122f4e5da5febec427209a7bccc9fba2,87,0xd96ba527be241c2c31fd66cbb0a9430702906a2a,0xfe61ad22a847c4df702731c7d5e803d283ea1376,5E+20,21000,,,1,2019-05-10 13:25:03,7733017,0xb61442dc3663637aa741176921d7ac5a0e644334e305ee0cdceb6181168cfe5a,
215215928,13,0x25d252ca21349e6a31bc8b5146bbbd73c7a55019a069de5dc6bece5d90cd3f71,74,0xd96ba527be241c2c31fd66cbb0a9430702906a2a,0xfe61ad22a847c4df702731c7d5e803d283ea1376,1E+19,21000,,,1,2019-05-10 9:32:42,7732041,0x20d430adef29d7761b41e3482efb80104846e9274e149789d3aeb2cb10334b32,
215357748,14,0xfa29d6918850d87066c78162d35ee9a381c0dd9f24a70ca6ba045096d7f4ca4a,136,0xd96ba527be241c2c31fd66cbb0a9430702906a2a,0xfe61ad22a847c4df702731c7d5e803d283ea1376,3E+20,21000,,,1,2019-05-10 9:43:12,7732083,0x29d905f7b45fb3a32acbc42e050b36b3f66da8e841ebfe555a456d5fadcfafc8,
215384774,16,0x37b9cea176264574fbd1371605df8e486392aa90be86a5aa0fd5293115fda568,146,0xd96ba527be241c2c31fd66cbb0a9430702906a2a,0xfe61ad22a847c4df702731c7d5e803d283ea1376,5E+20,21000,,,1,2019-05-10 10:44:43,7732347,0xe3eed35f4eebb06ccbcb500116dd12bcfd09c5fb57948865563e87bcd56608f6,
215502583,15,0x198cc5beb1a687909574cbbdb82aaf25e1b80478d282c18285a236b9078e94a9,124,0xd96ba527be241c2c31fd66cbb0a9430702906a2a,0xfe61ad22a847c4df702731c7d5e803d283ea1376,5E+20,21000,,,1,2019-05-10 9:53:20,7732128,0x05c0b583806e25754d130be368dd6f22d638fda4766b86fd0e65211585f930d9,
215519197,17,0xddd6509453ff6c0454a2df61b2ae87d66838f4d7350dc93fb8f682671b1bf570,133,0xd96ba527be241c2c31fd66cbb0a9430702906a2a,0xfe61ad22a847c4df702731c7d5e803d283ea1376,5E+20,21000,,,1,2019-05-10 10:52:55,7732389,0x2185a64c6a8f0081879d8aa83de79de946b5ecfafdf32f071b055f3424c8e713,
215585572,19,0x39345069ee55c0bc47bc339ee5344392ddf78105728735e2ad6e39a710a2fb8c,133,0xd96ba527be241c2c31fd66cbb0a9430702906a2a,0xfe61ad22a847c4df702731c7d5e803d283ea1376,5E+20,21000,,,1,2019-05-10 14:02:08,7733176,0xa315df87d6f64d74e2fcb4df1ed2d1e033fc87d400a5e65df2827f38195bdd81,
220672546,10,0xa3234a549fd9a0c2df1a120f29e78670e09132f613774adde34b700672f5a795,30,0xd96ba527be241c2c31fd66cbb0a9430702906a2a,0xfe61ad22a847c4df702731c7d5e803d283ea1376,5E+20,21000,,,1,2019-05-07 5:31:17,7711815,0x35235975fa64720616381fbea1152136b5765d6cb5d1c837cb864ecc0f422f83,
220697447,9,0xe72bc1110c07395f9a34ec422db91a42394c643fd112348fdb850a3bed3dff0d,133,0xd96ba527be241c2c31fd66cbb0a9430702906a2a,0xfe61ad22a847c4df702731c7d5e803d283ea1376,7E+20,21000,,,1,2019-05-07 4:32:17,7711566,0x765c50b94f4c88a3203f8af9cc00e286b84d416223819794e498c152e3cbbf96,
220848265,1,0x91dcd45237358d137d5f7e5278fcc06e62e22ed66891a67f3e848b7a5abd8234,47,0xd96ba527be241c2c31fd66cbb0a9430702906a2a,0xfe61ad22a847c4df702731c7d5e803d283ea1376,5E+18,21000,,,1,2019-05-07 1:44:57,7710846,0x25aac9de156d0af616e7f2ae780e616cb17c2bba1d91efc08d8514f1a7c996d4,
220889096,4,0x78dbad0e49aa3d2bfc37b4e55477fa8952991e4dbc39c1567441b9f2f32b0988,82,0xd96ba527be241c2c31fd66cbb0a9430702906a2a,0xfe61ad22a847c4df702731c7d5e803d283ea1376,3E+20,21000,,,1,2019-05-07 2:47:23,7711113,0x943f9fcd1d49965c405eab9d143b8322540d1f4475e72e603abf9051070b5696,
220892031,8,0x270c931faeee94cfca86fbe23d0f680ab383faa5036d3018d9ebbd9957b4df07,175,0xd96ba527be241c2c31fd66cbb0a9430702906a2a,0xfe61ad22a847c4df702731c7d5e803d283ea1376,5E+20,21000,,,1,2019-05-07 3:48:03,7711370,0x7add6e7414eb4c49c67100d229e9551361d74be5ddd8f6e948b6f42d81518723,
221036716,5,0x66b9afa843e3e6c0b6d44ffe0df83d31d72d28cd4458ab3250e00a1f844dcf68,70,0xd96ba527be241c2c31fd66cbb0a9430702906a2a,0xfe61ad22a847c4df702731c7d5e803d283ea1376,5E+20,21000,,,1,2019-05-07 2:59:08,7711160,0xa8964c6eee569017f5830f06142a10044fc084976c9fb4236b60c376031c8dca,
221043026,2,0xd898c03fd6d99d97a3f2a40f719369ed8f85e366e2688fed43f4a8007a4c9ee8,49,0xd96ba527be241c2c31fd66cbb0a9430702906a2a,0xfe61ad22a847c4df702731c7d5e803d283ea1376,1E+20,21000,,,1,2019-05-07 2:00:55,7710906,0x99a0db0dd78610ad54879dc490c2a8a22e12e85b7e739d7e63574f6de7e3087d,
221061681,11,0x7e6ff9255a98cec5a7d917c31309f71f2f3f0cfc80ba30689cec3d7edfa04b7c,36,0xd96ba527be241c2c31fd66cbb0a9430702906a2a,0xfe61ad22a847c4df702731c7d5e803d283ea1376,7E+20,21000,,,1,2019-05-07 6:47:44,7712191,0x843ce0bc3c265eb48df2e34579f10ff2ceb0058ef76fc32222204e30eaff40e6,
221174549,6,0xc56ff2d19986f1b313e0a3d0bc49796b352d93d384951be2e7d22c8327c8dfd9,141,0xd96ba527be241c2c31fd66cbb0a9430702906a2a,0xfe61ad22a847c4df702731c7d5e803d283ea1376,5E+20,21000,,,1,2019-05-07 3:08:27,7711200,0xa8928467d8ee6df09d02b85a63c7adc6cf190d40750e5d8943b15e51783b0fff,
221204476,3,0x61c8c639dfb1449f6b751088d8dabb8ae03cc7af87459fb0ab8ea77cfc3dc505,69,0xd96ba527be241c2c31fd66cbb0a9430702906a2a,0xfe61ad22a847c4df702731c7d5e803d283ea1376,3E+20,21000,,,1,2019-05-07 2:10:08,7710954,0x6cb641f832e4043b9958b6c9f4efb6b3bd7fb978991777cdf0e407184e14f66f,
221211487,12,0x6ff913aabd36291b09021c6c4420e91e67d96f33fbffe8f01ed2b9eed3d7ea4e,176,0xd96ba527be241c2c31fd66cbb0a9430702906a2a,0xfe61ad22a847c4df702731c7d5e803d283ea1376,3E+20,21000,,,1,2019-05-07 6:57:42,7712237,0x63da6dc2e9d8d6c6c7de1f0f5ef22f8c2192f4c39e6f2aca1cefba5eb0c7565e,