hash,nonce,transaction_index,from_address,to_address,value,gas,gas_price,input,receipt_cumulative_gas_used,receipt_gas_used,receipt_contract_address,receipt_root,receipt_status,block_timestamp,block_number,block_hash,max_fee_per_gas,max_priority_fee_per_gas,transaction_type,receipt_effective_gas_price
0xaed90a71ff41b456a2a5c298e1c34903a837457e2aab3b6d83923568b979df1d,2895953,241,0xeb2629a2734e272bcc07bda959863f316f4bd4cf,0x8e3c4ba4fd0cd1aa16cc334f9187ba114a7f9361,61700640000000000,21000,72237958561,0x,14155894,21000,,,1,2021-11-07 03:44:10 UTC,13567058,0xd852948151a48786aa7f772f41b547e6556012f95321291ece093cfbd62fdf3f,139000000000,2000000000,2,72237958561
0x194e75a7f76a0c78e453843ed2b285ff8fdca102e820f90ca9ff05a7b146053f,0,194,0x82769e2e8d1fee2b240bd429207a470a9d37c4fb,0xece4775b96c207cef81e054a3c607e9326d19d42,77000000000000000,220000,72737958561,0xa0712d680000000000000000000000000000000000000000000000000000000000000001,11413656,176584,,,1,2021-11-07 03:44:10 UTC,13567058,0xd852948151a48786aa7f772f41b547e6556012f95321291ece093cfbd62fdf3f,139373608144,2500000000,2,72737958561
0x0de6bdfd699a025921beec4eb2ddbc0aa8dd936e3f81317902910267a09fb177,2941903,206,0xddfabcdc4d8ffc6d5beaf154f18b778f892a0740,0xf5380f590abc8b0f1b13fd7ad115e54d11d79b6d,219780940000000000,21000,72237958561,0x,12229622,21000,,,1,2021-11-07 03:44:10 UTC,13567058,0xd852948151a48786aa7f772f41b547e6556012f95321291ece093cfbd62fdf3f,139000000000,2000000000,2,72237958561
0x0a484f71ae6c7e5107b840dcd3349ea6fcc94cc677f6a3896fdd71586996990d,3643802,239,0xb5d85cbf7cb3ee0d56b3bb207d5fc4b82f43f511,0x1c41eac739ec01ff619d949ddd37c28f43b73021,217000000000000000,21000,72237958561,0x,14113894,21000,,,1,2021-11-07 03:44:10 UTC,13567058,0xd852948151a48786aa7f772f41b547e6556012f95321291ece093cfbd62fdf3f,139000000000,2000000000,2,72237958561
0xd083c4ebfb82fab12f460b45b5fa35765ca675de3fa11fca80eafa8b2e251fca,376,108,0x931d00de4fd83fe832f9ecbe82091e840561a2d1,0xfbddadd80fe7bda00b901fbaf73803f2238ae655,3559523809523810,67880,65000000000,0x0f6945840000000000000000000000000000000000000000000000000000000000000018,12562864,67305,,,1,2021-11-07 03:53:55 UTC,13567104,0x62a34a7e8cf596436e29b31c117ee995d973c5658a14f7147d391f4d7fb3af15,65000000000,1500000000,2,65000000000
0x157be403995976bcc1cc5b6fbb0e548b7b40424521f0e2ad61a0a0c173589e89,169,173,0xc7be75e443a85eae5f128ef41eb18af37fb24f25,0xecbcd6d7264e3c9eac24c7130ed3cd2b38f5a7ad,0,300000,78117183336,0x94967fa100000000000000000000000000000000000000000000000000000000000000010000000000000000000000000000000000000000000000056bc75e2d63100000,14753737,181462,,,1,2021-11-07 03:55:48 UTC,13567113,0xc1f6ff6470cafe7dcb5f108bc52a72c3d0b475b4425072a1b16bf4ff059c91fc,78364504748,1500000000,2,78117183336
0x5d7e2e9f96269e70817b74696245a8c4a565ab234def2637f1f77276d2aff170,41,187,0x500fb9f684c1b5e683f588aa799c206a38d281f9,0x28c6c06298d514db089934071355e5743bf21d60,2497858000000000000,42000,104000000000,0x,8641113,21000,,,1,2021-11-07 04:03:53 UTC,13567159,0x0117fdb330e8ea0d30fda78a803053b38438b484fe4a3e907295b36b06cfabd4,,,,104000000000
0x04a2dafb020177d5d983dbb9c64c526b9aae7f25e731afeaf7a03611d739c97f,1651874,19,0x9696f59e4d72e237be84ffd425dcad154bf96976,0xdac17f958d2ee523a2206206994597c13d831ec7,0,207128,120000000000,0xa9059cbb000000000000000000000000f6120c9df1355edd81e648f070b893c80b2cbee6000000000000000000000000000000000000000000000000000000002a5b1621,1403561,63209,,,1,2021-11-07 04:06:51 UTC,13567175,0xc70b38642eae6b708cd37a66c259def811e5404f10b234143602e82263d833b3,,,,120000000000
0x8238fcea8502724782a34675de9879b7d3c980b0a0ea60c0e78e05f10a6f0008,0,184,0x9c096f6126291d69594e01797df2b184d98e1736,0x3506424f91fd33084466f402d5d97f05f8e3b4af,0,60000,91000000000,0xa9059cbb000000000000000000000000c2ba04e89016f417e1219af7ef82a5b6a92147930000000000000000000000000000000000000000000001520001c98de08c0000,11138557,32443,,,1,2021-11-07 04:07:02 UTC,13567177,0x91e0af6bf50acf474bdb71fbab4159411573054b4502dba7b4557ea38542328e,,,,91000000000
0x7e24794afee79af98b4c87a965d6a08f13bcabb37bbff0bd628397113f5c09f5,68552,245,0x65782290bd230f53f5a7e444c21d740374eac398,0x75e58a2e1391a22110d72ebd2b059a80126a6b92,0,500000,87000000000,0x811dd34d00cf04c9ffaeffadffd2009affad0222ff84ffb1ffadfd93fe53000000000000,14945428,29254,,,1,2021-11-07 04:07:02 UTC,13567177,0x91e0af6bf50acf474bdb71fbab4159411573054b4502dba7b4557ea38542328e,,,,87000000000
0x089d1ab632ceb591b76fa6569827e4972ce57507025408af724e8230747abbb6,1900299,62,0x6cc5f688a315f3dc28a7781717a9a798a59fda7b,0x0000000000095413afc295d19edeb1ad7b71c952,0,420000,91000000000,0xa9059cbb0000000000000000000000000b7898dac9a924aadb857add654ba6f385c9341b00000000000000000000000000000000000000000000003a9db0ee2a31b90000,6403471,51874,,,1,2021-11-07 04:10:24 UTC,13567196,0xc9e2609a956b722c794fa13dd61a66a8a8ec58dd17eca09d74735cc955ad72b5,,,,91000000000
